first_name,second_name,element_type,total_points,minutes,goals_scored,assists,clean_sheets,goals_conceded,yellow_cards,red_cards,bonus,influence,creativity,threat,now_cost,ict_index,id,value,full_name
Fábio,Ferreira Vieira,MID,0,0,0,0,0,0,0,0,0,0.0,0.0,0.0,54,0.0,1,0.0,Fábio Ferreira Vieira
Gabriel,Fernando de Jesus,FWD,3,78,0,0,0,2,2,0,0,14.0,32.3,33.0,68,7.9,2,0.4411764705882352,Gabriel Fernando de Jesus
Gabriel,dos Santos Magalhães,DEF,39,630,2,0,3,6,1,0,4,194.8,36.6,165.0,62,39.6,3,6.290322580645161,Gabriel dos Santos Magalhães
Kai,Havertz,FWD,40,630,4,1,3,6,0,0,7,209.2,83.8,326.0,83,61.9,4,4.8192771084337345,Kai Havertz
Karl,Hein,GK,0,0,0,0,0,0,0,0,0,0.0,0.0,0.0,40,0.0,5,0.0,Karl Hein
Jurriën,Timber,DEF,19,448,0,1,2,4,2,0,0,87.2,100.0,32.0,55,21.8,6,3.4545454545454546,Jurriën Timber
Jorge Luiz,Frello Filho,MID,4,150,0,0,1,1,1,0,0,4.4,21.3,1.0,49,2.7,7,0.8163265306122448,Jorge Luiz Frello Filho
Jakub,Kiwior,DEF,2,17,0,0,0,1,0,0,0,7.6,0.3,0.0,48,0.8,8,0.41666666666666663,Jakub Kiwior
Gabriel,Martinelli Silva,MID,34,438,2,2,3,3,0,0,3,155.8,146.6,167.0,70,46.8,9,4.857142857142857,Gabriel Martinelli Silva
Ethan,Nwaneri,MID,2,9,0,0,0,0,0,0,0,14.4,11.4,15.0,45,4.1,12,0.4444444444444444,Ethan Nwaneri
Martin,Ødegaard,MID,7,253,0,0,2,1,1,0,0,34.4,75.0,60.0,82,17.0,13,0.8536585365853657,Martin Ødegaard
David,Raya Martin,GK,36,630,0,0,3,6,1,0,6,212.6,0.0,0.0,56,21.3,15,6.428571428571428,David Raya Martin
Declan,Rice,MID,8,492,0,0,2,6,2,1,0,72.8,111.9,67.0,63,24.6,16,1.2698412698412698,Declan Rice
Bukayo,Saka,MID,54,566,2,7,3,5,1,0,8,295.2,378.4,341.0,101,101.4,17,5.346534653465346,Bukayo Saka
William,Saliba,DEF,22,630,0,0,3,6,2,0,0,119.4,9.6,4.0,60,13.4,18,3.6666666666666665,William Saliba
Thomas,Partey,MID,23,617,1,0,3,6,2,0,3,141.2,93.4,28.0,50,26.4,20,4.6,Thomas Partey
Kieran,Tierney,DEF,0,0,0,0,0,0,0,0,0,0.0,0.0,0.0,44,0.0,21,0.0,Kieran Tierney
Tomiyasu,Takehiro,DEF,1,6,0,0,0,0,0,0,0,0.4,0.3,9.0,48,1.0,22,0.20833333333333331,Tomiyasu Takehiro
Leandro,Trossard,MID,23,344,2,1,1,5,0,1,3,111.8,111.7,125.0,69,34.6,23,3.333333333333333,Leandro Trossard
Benjamin,White,DEF,21,405,0,0,3,2,0,0,0,62.6,10.9,17.0,63,9.1,24,3.333333333333333,Benjamin White
Oleksandr,Zinchenko,DEF,7,78,0,0,1,0,0,0,0,7.2,4.9,6.0,48,1.8,25,1.458333333333333,Oleksandr Zinchenko
Norberto,Murara Neto,GK,7,180,0,0,0,2,0,0,0,77.8,0.0,0.0,43,7.8,73,1.627906976744186,Norberto Murara Neto
Raheem,Sterling,MID,3,85,0,0,0,1,0,0,0,4.8,15.1,35.0,67,5.5,186,0.44776119402985076,Raheem Sterling
Riccardo,Calafiori,DEF,13,294,1,0,0,4,1,0,1,92.6,35.6,100.0,58,22.8,578,2.2413793103448274,Riccardo Calafiori
Myles,Lewis-Skelly,MID,0,1,0,0,0,1,1,0,0,0.0,0.0,0.0,45,0.0,597,0.0,Myles Lewis-Skelly
Mikel,Merino,MID,1,29,0,0,0,0,0,0,0,19.6,11.9,2.0,60,3.4,633,0.16666666666666666,Mikel Merino
Salah-Eddine,Oulad M'hand,MID,0,0,0,0,0,0,0,0,0,0.0,0.0,0.0,45,0.0,638,0.0,Salah-Eddine Oulad M'hand
Tommy,Setford,GK,0,0,0,0,0,0,0,0,0,0.0,0.0,0.0,45,0.0,639,0.0,Tommy Setford
Maldini,Kacurri,DEF,0,0,0,0,0,0,0,0,0,0.0,0.0,0.0,40,0.0,657,0.0,Maldini Kacurri
Ayden,Heaven,DEF,0,0,0,0,0,0,0,0,0,0.0,0.0,0.0,40,0.0,658,0.0,Ayden Heaven
Ismeal,Kabia,MID,0,0,0,0,0,0,0,0,0,0.0,0.0,0.0,45,0.0,659,0.0,Ismeal Kabia
Josh,Nichols,DEF,0,0,0,0,0,0,0,0,0,0.0,0.0,0.0,40,0.0,662,0.0,Josh Nichols
Nathan,Butler-Oyedeji,FWD,0,0,0,0,0,0,0,0,0,0.0,0.0,0.0,45,0.0,665,0.0,Nathan Butler-Oyedeji
Leon,Bailey,MID,13,348,0,1,1,4,1,0,0,37.8,93.5,59.0,63,18.9,28,2.0634920634920633,Leon Bailey
Ross,Barkley,MID,9,211,0,1,1,2,2,0,0,45.8,53.7,21.0,52,12.0,29,1.7307692307692306,Ross Barkley
Enzo,Barrenechea,MID,0,0,0,0,0,0,0,0,0,0.0,0.0,0.0,49,0.0,30,0.0,Enzo Barrenechea
Emiliano,Buendía Stati,MID,3,13,0,0,0,0,0,0,0,0.8,6.6,3.0,53,1.0,31,0.5660377358490565,Emiliano Buendía Stati
Matty,Cash,DEF,9,186,0,0,1,1,0,0,0,17.0,15.4,9.0,44,4.1,32,2.0454545454545454,Matty Cash
Leander,Dendoncker,MID,0,0,0,0,0,0,0,0,0,0.0,0.0,0.0,45,0.0,33,0.0,Leander Dendoncker
Moussa,Diaby,MID,0,0,0,0,0,0,0,0,0,0.0,0.0,0.0,65,0.0,34,0.0,Moussa Diaby
Diego Carlos,Santos Silva,DEF,9,258,0,0,1,3,0,0,0,44.0,4.4,0.0,45,4.9,35,2.0,Diego Carlos Santos Silva
Lucas,Digne,DEF,24,518,0,2,1,8,1,0,4,131.4,119.1,3.0,46,25.4,36,5.217391304347825,Lucas Digne
Lewis,Dobbin,MID,0,0,0,0,0,0,0,0,0,0.0,0.0,0.0,50,0.0,37,0.0,Lewis Dobbin
Jhon,Durán,FWD,27,184,4,0,0,4,1,0,5,142.4,21.5,114.0,62,27.9,38,4.354838709677419,Jhon Durán
Joe,Gauci,GK,0,0,0,0,0,0,0,0,0,0.0,0.0,0.0,40,0.0,39,0.0,Joe Gauci
Kortney,Hause,DEF,0,0,0,0,0,0,0,0,0,0.0,0.0,0.0,40,0.0,40,0.0,Kortney Hause
Samuel,Iling-Junior,MID,0,0,0,0,0,0,0,0,0,0.0,0.0,0.0,54,0.0,41,0.0,Samuel Iling-Junior
Boubacar,Kamara,MID,0,0,0,0,0,0,0,0,0,0.0,0.0,0.0,50,0.0,42,0.0,Boubacar Kamara
Kaine,Kesler-Hayden,DEF,0,0,0,0,0,0,0,0,0,0.0,0.0,0.0,40,0.0,43,0.0,Kaine Kesler-Hayden
Ezri,Konsa Ngoyo,DEF,17,551,1,0,0,9,0,0,1,117.0,38.0,46.0,45,20.1,44,3.7777777777777777,Ezri Konsa Ngoyo
Ian,Maatsen,DEF,7,118,0,0,0,1,0,0,0,27.0,79.1,14.0,48,12.0,45,1.458333333333333,Ian Maatsen
Filip,Marschall,GK,0,0,0,0,0,0,0,0,0,0.0,0.0,0.0,40,0.0,46,0.0,Filip Marschall
Emiliano,Martínez Romero,GK,20,630,0,0,1,9,1,0,2,142.4,0.0,0.0,50,14.3,47,4.0,Emiliano Martínez Romero
John,McGinn,MID,9,349,0,0,1,5,1,0,0,12.2,39.9,36.0,53,8.8,48,1.6981132075471697,John McGinn
Tyrone,Mings,DEF,0,0,0,0,0,0,0,0,0,0.0,0.0,0.0,44,0.0,49,0.0,Tyrone Mings
Kosta,Nedeljković,DEF,3,93,0,0,0,2,0,0,0,22.2,6.3,0.0,40,2.9,50,0.75,Kosta Nedeljković
Robin,Olsen,GK,0,0,0,0,0,0,0,0,0,0.0,0.0,0.0,45,0.0,51,0.0,Robin Olsen
Pau,Torres,DEF,14,630,0,0,1,9,1,0,0,95.4,38.3,2.0,45,13.6,52,3.111111111111111,Pau Torres
Jacob,Ramsey,MID,13,335,0,1,0,8,0,0,0,49.8,68.5,65.0,55,18.5,53,2.3636363636363638,Jacob Ramsey
Morgan,Rogers,MID,28,603,1,2,1,8,1,0,3,134.0,126.1,145.0,53,40.7,54,5.283018867924528,Morgan Rogers
Viljami,Sinisalo,GK,0,0,0,0,0,0,0,0,0,0.0,0.0,0.0,40,0.0,55,0.0,Viljami Sinisalo
Lino,da Cruz Sousa,DEF,0,0,0,0,0,0,0,0,0,0.0,0.0,0.0,40,0.0,56,0.0,Lino da Cruz Sousa
Youri,Tielemans,MID,22,623,0,2,1,9,1,0,2,149.8,203.5,27.0,55,38.0,57,4.0,Youri Tielemans
Ollie,Watkins,FWD,41,531,4,2,3,6,0,0,5,168.0,81.4,233.0,91,48.2,58,4.5054945054945055,Ollie Watkins
Amadou,Onana,MID,25,422,2,0,1,7,2,0,5,135.2,35.9,84.0,51,25.6,233,4.901960784313725,Amadou Onana
Jaden,Philogene,MID,5,133,0,0,1,1,1,0,0,7.2,4.1,12.0,53,2.2,569,0.9433962264150942,Jaden Philogene
Lamare,Bogarde,DEF,2,168,0,0,0,3,1,0,0,28.8,15.5,0.0,40,4.4,598,0.5,Lamare Bogarde
Sil,Swinkels,DEF,0,0,0,0,0,0,0,0,0,0.0,0.0,0.0,40,0.0,640,0.0,Sil Swinkels
Oliwier,Zych,GK,0,0,0,0,0,0,0,0,0,0.0,0.0,0.0,40,0.0,641,0.0,Oliwier Zych
Kadan,Young,MID,0,0,0,0,0,0,0,0,0,0.0,0.0,0.0,45,0.0,656,0.0,Kadan Young
Max,Aarons,DEF,0,0,0,0,0,0,0,0,0,0.0,0.0,0.0,44,0.0,59,0.0,Max Aarons
Tyler,Adams,MID,0,0,0,0,0,0,0,0,0,0.0,0.0,0.0,49,0.0,60,0.0,Tyler Adams
Jaidon,Anthony,MID,0,0,0,0,0,0,0,0,0,0.0,0.0,0.0,45,0.0,61,0.0,Jaidon Anthony
David,Brooks,MID,1,9,0,0,0,0,0,0,0,4.6,15.3,0.0,49,2.0,62,0.2040816326530612,David Brooks
Ryan,Christie,MID,12,453,0,0,2,7,3,0,0,63.2,108.1,42.0,49,21.4,63,2.4489795918367343,Ryan Christie
Lewis,Cook,MID,24,623,1,2,0,10,3,0,2,170.6,199.8,55.0,50,42.5,64,4.8,Lewis Cook
Enes,Ünal,FWD,4,51,0,0,0,1,0,0,0,9.8,21.7,39.0,54,6.8,65,0.7407407407407407,Enes Ünal
Romain,Faivre,MID,0,0,0,0,0,0,0,0,0,0.0,0.0,0.0,50,0.0,66,0.0,Romain Faivre
Hamed,Traorè,MID,0,0,0,0,0,0,0,0,0,0.0,0.0,0.0,45,0.0,67,0.0,Hamed Traorè
James,Hill,DEF,0,0,0,0,0,0,0,0,0,0.0,0.0,0.0,40,0.0,68,0.0,James Hill
Daniel,Jebbison,FWD,2,26,0,0,0,0,0,0,0,3.2,10.6,2.0,45,1.6,69,0.4444444444444444,Daniel Jebbison
Milos,Kerkez,DEF,10,577,0,0,0,10,2,0,0,76.4,72.6,20.0,45,17.0,70,2.2222222222222223,Milos Kerkez
Justin,Kluivert,MID,12,380,0,1,2,6,3,0,0,53.2,97.6,130.0,53,28.1,71,2.264150943396226,Justin Kluivert
Chris,Mepham,DEF,0,0,0,0,0,0,0,0,0,0.0,0.0,0.0,44,0.0,72,0.0,Chris Mepham
Dango,Ouattara,MID,17,260,1,1,0,3,0,0,1,89.0,61.1,81.0,50,23.2,74,3.4,Dango Ouattara
Alex,Paulsen,GK,0,0,0,0,0,0,0,0,0,0.0,0.0,0.0,40,0.0,75,0.0,Alex Paulsen
Philip,Billing,MID,2,21,0,0,0,1,0,0,0,5.2,4.7,4.0,48,1.4,76,0.41666666666666663,Philip Billing
Alex,Scott,MID,8,196,0,0,0,3,0,0,0,59.6,40.7,17.0,49,11.8,77,1.6326530612244896,Alex Scott
Antoine,Semenyo,MID,31,607,3,1,0,10,2,0,1,167.0,100.5,257.0,57,52.1,78,5.43859649122807,Antoine Semenyo
Marcos,Senesi,DEF,6,436,0,0,0,6,3,0,0,124.6,45.9,12.0,48,18.4,79,1.2499999999999998,Marcos Senesi
Luis,Sinisterra,MID,18,176,1,1,0,3,0,0,2,95.4,96.0,175.0,50,36.7,80,3.6,Luis Sinisterra
Adam,Smith,DEF,14,326,0,0,1,3,1,0,0,41.0,18.8,2.0,45,6.1,81,3.111111111111111,Adam Smith
Marcus,Tavernier,MID,24,601,1,1,1,9,1,0,2,142.6,253.5,185.0,55,58.2,83,4.363636363636363,Marcus Tavernier
Mark,Travers,GK,2,90,0,0,0,1,0,0,0,14.4,0.0,0.0,44,1.4,84,0.45454545454545453,Mark Travers
Illia,Zabarnyi,DEF,12,630,0,0,0,10,0,0,0,113.2,15.6,14.0,45,14.3,85,2.6666666666666665,Illia Zabarnyi
Kepa,Arrizabalaga,GK,11,360,0,0,0,7,0,0,0,129.2,0.0,0.0,45,12.9,152,2.4444444444444446,Kepa Arrizabalaga
Dean,Huijsen,DEF,3,193,0,0,0,4,1,0,0,39.0,31.4,4.0,44,7.5,580,0.6818181818181818,Dean Huijsen
Julián,Araujo Zúñiga,DEF,6,272,0,0,0,7,0,0,0,30.0,6.0,2.0,45,3.9,592,1.3333333333333333,Julián Araujo Zúñiga
Will,Dennis,GK,0,0,0,0,0,0,0,0,0,0.0,0.0,0.0,40,0.0,599,0.0,Will Dennis
Francisco Evanilson,de Lima Barbosa,FWD,17,432,1,0,2,7,0,0,3,53.6,51.2,132.0,59,23.5,617,2.8813559322033897,Francisco Evanilson de Lima Barbosa
Kristoffer,Ajer,DEF,7,547,0,0,0,10,2,0,0,64.8,38.2,45.0,45,14.8,86,1.5555555555555556,Kristoffer Ajer
Ethan,Brierley,MID,0,0,0,0,0,0,0,0,0,0.0,0.0,0.0,45,0.0,87,0.0,Ethan Brierley
Nathan,Collins,DEF,25,630,1,3,0,13,1,0,1,234.4,10.7,137.0,45,38.2,88,5.555555555555555,Nathan Collins
Mikkel,Damsgaard,MID,22,462,0,2,1,8,0,0,3,140.2,178.5,69.0,50,38.9,89,4.4,Mikkel Damsgaard
Josh,Dasilva,MID,0,0,0,0,0,0,0,0,0,0.0,0.0,0.0,49,0.0,90,0.0,Josh Dasilva
Mark,Flekken,GK,19,630,0,0,0,13,0,0,0,279.2,0.1,0.0,45,27.8,91,4.222222222222222,Mark Flekken
Rico,Henry,DEF,0,0,0,0,0,0,0,0,0,0.0,0.0,0.0,43,0.0,92,0.0,Rico Henry
Aaron,Hickey,DEF,0,0,0,0,0,0,0,0,0,0.0,0.0,0.0,44,0.0,93,0.0,Aaron Hickey
Vitaly,Janelt,MID,17,560,0,1,1,12,1,0,0,87.6,75.5,27.0,49,19.1,94,3.4693877551020407,Vitaly Janelt
Mathias,Jensen,MID,9,238,0,1,0,3,1,0,1,38.8,84.8,5.0,53,12.9,95,1.6981132075471697,Mathias Jensen
Kim,Ji-soo,DEF,0,0,0,0,0,0,0,0,0,0.0,0.0,0.0,40,0.0,96,0.0,Kim Ji-soo
Yunus Emre,Konak,MID,3,17,0,0,0,2,0,0,0,1.2,1.5,3.0,45,0.4,97,0.6666666666666666,Yunus Emre Konak
Keane,Lewis-Potter,MID,17,456,0,2,0,11,1,0,0,101.0,73.4,105.0,50,27.9,98,3.4,Keane Lewis-Potter
Bryan,Mbeumo,MID,51,629,6,0,0,13,2,0,9,270.6,229.3,206.0,75,70.7,99,6.8,Bryan Mbeumo
Ben,Mee,DEF,1,1,0,0,0,0,0,0,0,0.0,0.1,0.0,43,0.0,100,0.23255813953488372,Ben Mee
Christian,Nørgaard,MID,14,436,1,0,0,8,1,0,0,108.6,54.0,56.0,48,21.9,101,2.916666666666666,Christian Nørgaard
Frank,Onyeka,MID,2,23,0,0,0,0,0,0,0,0.0,0.5,0.0,49,0.0,102,0.4081632653061224,Frank Onyeka
Myles,Peart-Harris,MID,0,0,0,0,0,0,0,0,0,0.0,0.0,0.0,45,0.0,103,0.0,Myles Peart-Harris
Ethan,Pinnock,DEF,13,630,1,0,0,13,1,0,0,174.0,4.3,128.0,45,30.7,104,2.888888888888889,Ethan Pinnock
Mads,Roerslev Rasmussen,DEF,7,261,0,0,0,6,0,0,0,25.0,15.7,9.0,44,5.0,105,1.5909090909090908,Mads Roerslev Rasmussen
Kevin,Schade,MID,14,371,0,1,1,5,0,0,0,44.8,28.6,106.0,53,18.1,106,2.641509433962264,Kevin Schade
Igor Thiago,Nascimento Rodrigues,FWD,0,0,0,0,0,0,0,0,0,0.0,0.0,0.0,59,0.0,107,0.0,Igor Thiago Nascimento Rodrigues
Ivan,Toney,FWD,0,0,0,0,0,0,0,0,0,0.0,0.0,0.0,73,0.0,108,0.0,Ivan Toney
Hákon,Valdimarsson,GK,0,0,0,0,0,0,0,0,0,0.0,0.0,0.0,40,0.0,109,0.0,Hákon Valdimarsson
Yoane,Wissa,FWD,28,290,3,1,0,6,1,0,7,130.2,56.9,150.0,59,33.7,110,4.745762711864407,Yoane Wissa
Yehor,Yarmoliuk,MID,4,111,0,0,0,3,1,0,0,26.0,24.4,8.0,44,5.7,111,0.9090909090909091,Yehor Yarmoliuk
Mathias,Jorgensen,DEF,0,0,0,0,0,0,0,0,0,0.0,0.0,0.0,45,0.0,112,0.0,Mathias Jorgensen
Fábio,Freitas Gouveia Carvalho,MID,18,239,1,1,0,7,0,0,1,83.0,40.1,66.0,48,18.9,314,3.7499999999999996,Fábio Freitas Gouveia Carvalho
Sepp,van den Berg,DEF,6,375,0,0,0,10,0,0,0,79.0,30.0,34.0,40,14.3,338,1.5,Sepp van den Berg
Ryan,Trevitt,MID,1,3,0,0,0,0,0,0,0,2.6,0.1,0.0,45,0.3,602,0.2222222222222222,Ryan Trevitt
Gustavo,Nunes Fernandes Gomes,MID,0,0,0,0,0,0,0,0,0,0.0,0.0,0.0,49,0.0,634,0.0,Gustavo Nunes Fernandes Gomes
Jayden,Meghoma,DEF,0,0,0,0,0,0,0,0,0,0.0,0.0,0.0,40,0.0,649,0.0,Jayden Meghoma
Tony,Yogane,MID,0,0,0,0,0,0,0,0,0,0.0,0.0,0.0,45,0.0,661,0.0,Tony Yogane
Simon,Adingra,MID,14,134,1,1,0,1,0,0,0,58.4,32.5,49.0,55,14.0,113,2.5454545454545454,Simon Adingra
Benicio,Baker-Boaitey,MID,0,0,0,0,0,0,0,0,0,0.0,0.0,0.0,45,0.0,114,0.0,Benicio Baker-Boaitey
Carlos,Baleba,MID,21,421,1,1,1,8,1,0,2,107.8,62.5,58.0,50,22.9,115,4.2,Carlos Baleba
Valentín,Barco,DEF,0,0,0,0,0,0,0,0,0,0.0,0.0,0.0,40,0.0,116,0.0,Valentín Barco
Amario,Cozier-Duberry,MID,0,0,0,0,0,0,0,0,0,0.0,0.0,0.0,45,0.0,118,0.0,Amario Cozier-Duberry
Mahmoud,Dahoud,MID,0,0,0,0,0,0,0,0,0,0.0,0.0,0.0,49,0.0,119,0.0,Mahmoud Dahoud
Lewis,Dunk,DEF,16,615,0,0,2,10,2,0,0,116.6,60.6,14.0,45,19.1,120,3.5555555555555554,Lewis Dunk
Julio,Enciso,MID,5,75,0,0,0,0,0,0,0,16.4,43.6,20.0,54,7.9,121,0.9259259259259258,Julio Enciso
Pervis,Estupiñán,DEF,2,234,0,0,0,6,1,0,0,41.8,97.0,22.0,50,16.2,122,0.4,Pervis Estupiñán
Evan,Ferguson,FWD,3,22,0,0,0,0,0,0,0,0.2,0.6,6.0,55,0.6,123,0.5454545454545454,Evan Ferguson
Billy,Gilmour,MID,3,97,0,0,0,1,0,0,0,11.4,11.9,2.0,50,2.5,124,0.6,Billy Gilmour
Pascal,Groß,MID,0,0,0,0,0,0,0,0,0,0.0,0.0,0.0,65,0.0,125,0.0,Pascal Groß
Jack,Hinshelwood,MID,23,606,1,0,2,10,1,0,3,84.4,101.4,54.0,50,24.1,126,4.6,Jack Hinshelwood
Ibrahim,Osman,MID,0,0,0,0,0,0,0,0,0,0.0,0.0,0.0,50,0.0,127,0.0,Ibrahim Osman
Igor Julio,dos Santos de Paulo,DEF,1,114,0,0,0,2,1,0,0,14.0,3.1,0.0,44,1.7,128,0.22727272727272727,Igor Julio dos Santos de Paulo
João Pedro,Junqueira de Jesus,FWD,19,280,2,0,1,2,1,0,5,98.8,50.6,97.0,55,24.6,129,3.4545454545454546,João Pedro Junqueira de Jesus
Kacper,Kozłowski,MID,0,0,0,0,0,0,0,0,0,0.0,0.0,0.0,45,0.0,130,0.0,Kacper Kozłowski
Tariq,Lamptey,DEF,0,0,0,0,0,0,0,0,0,0.0,0.0,0.0,45,0.0,131,0.0,Tariq Lamptey
Solly,March,MID,0,0,0,0,0,0,0,0,0,0.0,0.0,0.0,65,0.0,132,0.0,Solly March
Adrian,Mazilu,MID,0,0,0,0,0,0,0,0,0,0.0,0.0,0.0,45,0.0,133,0.0,Adrian Mazilu
James,Milner,MID,5,169,0,0,1,1,1,0,0,28.6,66.3,12.0,50,10.7,134,1.0,James Milner
Yankuba,Minteh,MID,21,405,1,2,1,5,2,0,0,90.2,129.2,107.0,54,32.6,135,3.888888888888889,Yankuba Minteh
Mitoma,Kaoru,MID,31,621,1,3,2,10,0,0,1,146.8,154.1,207.0,66,50.8,136,4.696969696969696,Mitoma Kaoru
Jakub,Moder,MID,0,0,0,0,0,0,0,0,0,0.0,0.0,0.0,44,0.0,137,0.0,Jakub Moder
Mark,O’Mahony,FWD,0,0,0,0,0,0,0,0,0,0.0,0.0,0.0,45,0.0,138,0.0,Mark O’Mahony
Odeluga,Offiah,DEF,0,0,0,0,0,0,0,0,0,0.0,0.0,0.0,40,0.0,139,0.0,Odeluga Offiah
Cameron,Peupion,MID,0,0,0,0,0,0,0,0,0,0.0,0.0,0.0,45,0.0,140,0.0,Cameron Peupion
Jeremy,Sarmiento Morante,MID,1,8,0,0,0,0,0,0,0,0.2,0.8,0.0,49,0.1,141,0.2040816326530612,Jeremy Sarmiento Morante
Jason,Steele,GK,9,180,0,0,1,1,0,0,1,40.4,0.0,0.0,44,4.1,142,2.0454545454545454,Jason Steele
Deniz,Undav,FWD,0,0,0,0,0,0,0,0,0,0.0,0.0,0.0,55,0.0,143,0.0,Deniz Undav
Jan Paul,van Hecke,DEF,19,450,0,1,2,4,1,0,0,108.4,23.9,14.0,45,14.7,144,4.222222222222222,Jan Paul van Hecke
Joël,Veltman,DEF,21,521,0,0,2,6,1,0,4,83.4,37.1,11.0,45,13.2,145,4.666666666666667,Joël Veltman
Bart,Verbruggen,GK,10,450,0,0,1,9,2,0,0,104.2,0.0,0.0,45,10.4,146,2.2222222222222223,Bart Verbruggen
Adam,Webster,DEF,1,78,0,0,0,4,0,0,0,20.4,1.8,2.0,44,2.4,147,0.22727272727272727,Adam Webster
Danny,Welbeck,FWD,41,596,4,1,2,10,1,0,9,186.4,111.9,250.0,58,54.8,148,7.068965517241378,Danny Welbeck
Mats,Wieffer,MID,9,190,0,1,1,5,0,0,0,52.2,40.8,2.0,49,9.5,149,1.8367346938775508,Mats Wieffer
Brajan,Gruda,MID,1,3,0,0,0,0,0,0,0,0.0,0.0,4.0,54,0.4,595,0.18518518518518517,Brajan Gruda
Yasin,Ayari,MID,8,198,0,0,1,1,0,0,0,38.4,42.9,56.0,50,13.8,600,1.6,Yasin Ayari
Andrew,Moran,MID,0,0,0,0,0,0,0,0,0,0.0,0.0,0.0,50,0.0,601,0.0,Andrew Moran
Carl,Rushworth,GK,0,0,0,0,0,0,0,0,0,0.0,0.0,0.0,40,0.0,615,0.0,Carl Rushworth
Georginio,Rutter,MID,25,298,2,1,1,8,0,0,1,65.2,61.2,116.0,55,23.6,618,4.545454545454546,Georginio Rutter
Ferdi,Kadioglu,DEF,1,138,0,0,0,6,0,0,0,36.6,58.0,8.0,45,10.2,628,0.2222222222222222,Ferdi Kadioglu
Matt,O'Riley,MID,0,0,0,0,0,0,0,0,0,0.0,0.0,0.0,55,0.0,629,0.0,Matt O'Riley
Imari,Samuels,DEF,0,0,0,0,0,0,0,0,0,0.0,0.0,0.0,40,0.0,663,0.0,Imari Samuels
Andrey,Nascimento dos Santos,MID,0,0,0,0,0,0,0,0,0,0.0,0.0,0.0,45,0.0,150,0.0,Andrey Nascimento dos Santos
Ângelo Gabriel,Borges Damaceno,MID,0,0,0,0,0,0,0,0,0,0.0,0.0,0.0,45,0.0,151,0.0,Ângelo Gabriel Borges Damaceno
Benoît,Badiashile,DEF,0,0,0,0,0,0,0,0,0,0.0,0.0,0.0,43,0.0,153,0.0,Benoît Badiashile
Lucas,Bergström,GK,0,0,0,0,0,0,0,0,0,0.0,0.0,0.0,40,0.0,154,0.0,Lucas Bergström
Marcus,Bettinelli,GK,0,0,0,0,0,0,0,0,0,0.0,0.0,0.0,40,0.0,155,0.0,Marcus Bettinelli
Moisés,Caicedo Corozo,MID,17,615,0,1,2,8,2,0,0,138.8,91.0,14.0,49,24.4,157,3.4693877551020407,Moisés Caicedo Corozo
Cesare,Casadei,MID,0,0,0,0,0,0,0,0,0,0.0,0.0,0.0,45,0.0,158,0.0,Cesare Casadei
Ben,Chilwell,DEF,0,0,0,0,0,0,0,0,0,0.0,0.0,0.0,48,0.0,160,0.0,Ben Chilwell
Carney,Chukwuemeka,MID,0,0,0,0,0,0,0,0,0,0.0,0.0,0.0,49,0.0,161,0.0,Carney Chukwuemeka
Levi,Colwill,DEF,18,630,0,0,2,8,2,0,1,145.6,36.5,28.0,46,21.1,162,3.913043478260869,Levi Colwill
Marc,Cucurella Saseta,DEF,15,590,0,0,2,7,5,0,0,95.6,36.3,14.0,50,14.6,163,3.0,Marc Cucurella Saseta
David Datro,Fofana,FWD,0,0,0,0,0,0,0,0,0,0.0,0.0,0.0,54,0.0,164,0.0,David Datro Fofana
Deivid Washington,de Souza Eugênio,FWD,0,0,0,0,0,0,0,0,0,0.0,0.0,0.0,50,0.0,165,0.0,Deivid Washington de Souza Eugênio
Kiernan,Dewsbury-Hall,MID,3,44,0,0,0,1,0,0,0,7.4,12.4,0.0,57,2.0,166,0.5263157894736842,Kiernan Dewsbury-Hall
Axel,Disasi,DEF,7,94,0,0,1,0,0,0,0,13.0,1.5,0.0,44,1.5,167,1.5909090909090908,Axel Disasi
Enzo,Fernández,MID,12,511,0,0,1,8,1,0,0,73.4,138.0,55.0,49,26.7,168,2.4489795918367343,Enzo Fernández
Conor,Gallagher,MID,0,0,0,0,0,0,0,0,0,0.0,0.0,0.0,59,0.0,169,0.0,Conor Gallagher
Alfie,Gilchrist,DEF,0,0,0,0,0,0,0,0,0,0.0,0.0,0.0,40,0.0,170,0.0,Alfie Gilchrist
Malo,Gusto,DEF,6,433,0,0,0,8,1,0,0,67.0,42.2,24.0,49,13.4,171,1.2244897959183672,Malo Gusto
Reece,James,DEF,0,0,0,0,0,0,0,0,0,0.0,0.0,0.0,49,0.0,172,0.0,Reece James
Omari,Kellyman,MID,0,0,0,0,0,0,0,0,0,0.0,0.0,0.0,44,0.0,173,0.0,Omari Kellyman
Roméo,Lavia,MID,3,76,0,0,0,1,0,0,0,15.6,16.8,0.0,45,3.3,174,0.6666666666666666,Roméo Lavia
Romelu,Lukaku Bolingoli,FWD,0,0,0,0,0,0,0,0,0,0.0,0.0,0.0,63,0.0,175,0.0,Romelu Lukaku Bolingoli
Malang,Sarr,DEF,0,0,0,0,0,0,0,0,0,0.0,0.0,0.0,45,0.0,176,0.0,Malang Sarr
Noni,Madueke,MID,43,476,4,1,2,6,0,0,6,174.0,90.6,256.0,65,52.1,177,6.615384615384615,Noni Madueke
Marc,Guiu Paz,FWD,1,24,0,0,0,1,0,0,0,0.0,0.3,0.0,49,0.0,178,0.2040816326530612,Marc Guiu Paz
Mykhailo,Mudryk,MID,4,81,0,0,0,2,0,0,0,13.0,29.0,2.0,62,4.3,179,0.6451612903225806,Mykhailo Mudryk
Nicolas,Jackson,FWD,42,521,4,3,2,7,2,0,5,209.4,92.4,297.0,79,59.9,180,5.3164556962025316,Nicolas Jackson
Christopher,Nkunku,MID,13,125,1,0,0,1,0,0,1,62.8,49.6,90.0,60,20.2,181,2.1666666666666665,Christopher Nkunku
Cole,Palmer,MID,67,595,6,5,2,8,3,0,9,366.4,298.1,204.0,108,86.9,182,6.203703703703703,Cole Palmer
Đorđe,Petrović,GK,0,0,0,0,0,0,0,0,0,0.0,0.0,0.0,44,0.0,183,0.0,Đorđe Petrović
Renato,Palma Veiga,MID,5,127,0,0,1,1,1,0,0,30.4,5.5,15.0,45,5.1,184,1.1111111111111112,Renato Palma Veiga
Robert,Sánchez,GK,36,630,0,0,2,8,1,0,5,246.4,0.0,0.0,47,24.5,185,7.659574468085106,Robert Sánchez
Tosin,Adarabioyo,DEF,8,119,0,0,1,0,0,0,0,36.2,11.1,0.0,44,4.8,187,1.8181818181818181,Tosin Adarabioyo
Wesley,Fofana,DEF,11,596,0,0,1,8,5,0,2,109.8,50.9,14.0,45,17.6,189,2.4444444444444446,Wesley Fofana
Jadon,Sancho,MID,18,260,0,4,0,3,1,0,1,75.8,112.6,31.0,64,21.9,386,2.8125,Jadon Sancho
Pedro,Lomba Neto,MID,8,240,0,1,0,2,2,0,0,50.0,91.1,30.0,62,17.1,560,1.2903225806451613,Pedro Lomba Neto
Caleb,Wiley,DEF,0,0,0,0,0,0,0,0,0,0.0,0.0,0.0,40,0.0,575,0.0,Caleb Wiley
Filip,Jørgensen,GK,0,0,0,0,0,0,0,0,0,0.0,0.0,0.0,43,0.0,581,0.0,Filip Jørgensen
João,Félix Sequeira,MID,9,118,1,0,0,0,1,0,0,45.0,19.9,57.0,62,12.1,621,1.4516129032258065,João Félix Sequeira
Eddie,Nketiah,FWD,7,317,0,0,1,5,1,0,0,12.4,19.4,89.0,59,11.8,11,1.1864406779661016,Eddie Nketiah
Trevoh,Chalobah,DEF,2,87,0,0,0,1,0,0,0,5.8,1.0,36.0,44,4.3,159,0.45454545454545453,Trevoh Chalobah
Naouirou,Ahamada,MID,0,0,0,0,0,0,0,0,0,0.0,0.0,0.0,45,0.0,190,0.0,Naouirou Ahamada
Cheick,Doucouré,MID,6,91,0,1,0,1,0,0,0,17.6,5.9,6.0,49,2.9,193,1.2244897959183672,Cheick Doucouré
Chris,Richards,DEF,9,343,0,0,1,5,1,0,0,56.8,3.6,6.0,44,6.7,194,2.0454545454545454,Chris Richards
Chadi,Riad Dnanou,DEF,1,90,0,0,0,2,0,0,0,18.2,1.3,0.0,44,2.0,195,0.22727272727272727,Chadi Riad Dnanou
Nathaniel,Clyne,DEF,9,226,0,0,1,3,0,0,0,31.4,2.9,3.0,44,3.7,196,2.0454545454545454,Nathaniel Clyne
Malcolm,Ebiowei,MID,0,0,0,0,0,0,0,0,0,0.0,0.0,0.0,45,0.0,197,0.0,Malcolm Ebiowei
Eberechi,Eze,MID,23,630,1,0,1,10,0,0,3,117.4,214.8,208.0,68,53.9,199,3.38235294117647,Eberechi Eze
Marc,Guéhi,DEF,21,630,1,0,1,10,1,0,2,224.0,37.7,37.0,44,30.0,200,4.7727272727272725,Marc Guéhi
Dean,Henderson,GK,21,630,0,0,1,10,1,0,2,177.6,0.0,4.0,45,18.1,201,4.666666666666667,Dean Henderson
Rob,Holding,DEF,0,0,0,0,0,0,0,0,0,0.0,0.0,0.0,44,0.0,202,0.0,Rob Holding
Will,Hughes,MID,4,233,0,0,0,4,3,0,0,25.0,19.6,24.0,49,6.7,203,0.8163265306122448,Will Hughes
Daichi,Kamada,MID,11,362,0,0,1,6,1,0,0,54.2,84.1,39.0,52,17.8,205,2.1153846153846154,Daichi Kamada
Jefferson,Lerma Solís,MID,7,303,0,0,1,4,2,0,0,31.4,43.6,12.0,48,8.8,206,1.458333333333333,Jefferson Lerma Solís
Jean-Philippe,Mateta,FWD,22,458,2,0,0,8,0,0,3,75.8,86.9,89.0,74,24.8,207,2.972972972972973,Jean-Philippe Mateta
Matheus,França de Oliveira,MID,0,0,0,0,0,0,0,0,0,0.0,0.0,0.0,44,0.0,208,0.0,Matheus França de Oliveira
Remi,Matthews,GK,0,0,0,0,0,0,0,0,0,0.0,0.0,0.0,40,0.0,209,0.0,Remi Matthews
Tyrick,Mitchell,DEF,16,597,0,1,1,10,0,0,0,145.0,138.1,42.0,49,32.6,210,3.265306122448979,Tyrick Mitchell
Daniel,Muñoz,DEF,15,546,0,1,1,10,1,0,0,96.6,88.6,73.0,49,25.8,211,3.061224489795918,Daniel Muñoz
David,Ozoh,MID,0,0,0,0,0,0,0,0,0,0.0,0.0,0.0,45,0.0,212,0.0,David Ozoh
Jesurun,Rak-Sakyi,MID,0,0,0,0,0,0,0,0,0,0.0,0.0,0.0,45,0.0,213,0.0,Jesurun Rak-Sakyi
Jeffrey,Schlupp,MID,5,30,0,0,0,0,0,0,0,7.2,17.3,8.0,48,3.1,214,1.0416666666666665,Jeffrey Schlupp
Joel,Ward,DEF,0,0,0,0,0,0,0,0,0,0.0,0.0,0.0,44,0.0,215,0.0,Joel Ward
Adam,Wharton,MID,12,534,0,0,0,9,0,0,0,95.8,128.9,43.0,49,26.8,216,2.4489795918367343,Adam Wharton
Matt,Turner,GK,0,0,0,0,0,0,0,0,0,0.0,0.0,0.0,40,0.0,445,0.0,Matt Turner
Ismaïla,Sarr,MID,10,218,0,1,0,2,1,0,0,22.6,61.2,90.0,58,17.3,585,1.7241379310344827,Ismaïla Sarr
Franco,Umeh-Chibueze,MID,0,0,0,0,0,0,0,0,0,0.0,0.0,0.0,45,0.0,644,0.0,Franco Umeh-Chibueze
Justin,Devenny,MID,0,0,0,0,0,0,0,0,0,0.0,0.0,0.0,45,0.0,645,0.0,Justin Devenny
Asher,Agbinone,MID,0,0,0,0,0,0,0,0,0,0.0,0.0,0.0,45,0.0,646,0.0,Asher Agbinone
Kaden,Rodney,MID,0,0,0,0,0,0,0,0,0,0.0,0.0,0.0,45,0.0,647,0.0,Kaden Rodney
Maxence,Lacroix,DEF,12,360,0,1,1,5,1,0,0,89.0,37.0,15.0,45,14.1,650,2.6666666666666665,Maxence Lacroix
Caleb,Kporha,DEF,0,0,0,0,0,0,0,0,0,0.0,0.0,0.0,40,0.0,666,0.0,Caleb Kporha
Armando,Broja,FWD,0,0,0,0,0,0,0,0,0,0.0,0.0,0.0,54,0.0,156,0.0,Armando Broja
Abdoulaye,Doucouré,MID,11,395,0,0,1,9,0,0,0,39.8,54.5,17.0,52,11.1,217,2.1153846153846154,Abdoulaye Doucouré
Norberto Bercique,Gomes Betuncal,FWD,4,43,0,0,0,4,0,0,0,1.2,0.3,0.0,50,0.2,218,0.8,Norberto Bercique Gomes Betuncal
Jarrad,Branthwaite,DEF,2,90,0,0,0,1,0,0,0,19.2,0.8,0.0,48,2.0,219,0.41666666666666663,Jarrad Branthwaite
Dominic,Calvert-Lewin,FWD,27,593,2,1,1,11,1,0,3,111.0,34.3,202.0,60,34.6,220,4.5,Dominic Calvert-Lewin
Séamus,Coleman,DEF,1,90,0,0,0,3,0,0,0,16.6,1.1,21.0,43,3.9,221,0.23255813953488372,Séamus Coleman
Idrissa,Gueye,MID,10,373,0,0,0,12,0,0,0,46.4,11.3,33.0,49,9.0,222,2.0408163265306123,Idrissa Gueye
James,Garner,MID,7,251,0,0,1,4,1,0,0,54.0,20.9,5.0,50,7.9,223,1.4,James Garner
Jack,Harrison,MID,15,434,0,1,1,10,0,0,0,53.8,94.8,70.0,53,21.7,224,2.830188679245283,Jack Harrison
Mason,Holgate,DEF,1,5,0,0,0,1,0,0,0,0.0,0.0,0.0,40,0.0,225,0.25,Mason Holgate
Tim,Iroegbunam,MID,8,381,0,0,0,13,2,0,0,47.0,27.1,29.0,45,10.4,226,1.7777777777777777,Tim Iroegbunam
João,Neves Virgínia,GK,0,0,0,0,0,0,0,0,0,0.0,0.0,0.0,40,0.0,227,0.0,João Neves Virgínia
Michael,Keane,DEF,15,540,1,0,1,14,2,0,0,130.4,11.9,42.0,40,18.5,228,3.75,Michael Keane
Neal,Maupay,FWD,0,0,0,0,0,0,0,0,0,0.0,0.0,0.0,49,0.0,229,0.0,Neal Maupay
Dwight,McNeil,MID,41,622,3,2,1,15,1,0,6,208.8,359.7,109.0,56,67.8,230,7.321428571428571,Dwight McNeil
Vitalii,Mykolenko,DEF,5,385,0,0,0,11,0,0,0,54.2,33.5,7.0,43,9.5,231,1.1627906976744187,Vitalii Mykolenko
Iliman,Ndiaye,FWD,18,482,1,0,2,8,1,0,3,118.2,81.0,94.0,54,29.4,232,3.333333333333333,Iliman Ndiaye
Nathan,Patterson,DEF,0,0,0,0,0,0,0,0,0,0.0,0.0,0.0,44,0.0,234,0.0,Nathan Patterson
Jordan,Pickford,GK,25,630,0,0,1,15,1,0,3,182.8,0.1,0.0,48,18.2,235,5.208333333333332,Jordan Pickford
James,Tarkowski,DEF,14,630,0,0,1,15,1,0,2,155.0,33.9,56.0,48,24.6,236,2.916666666666666,James Tarkowski
Youssef,Ramalho Chermiti,FWD,0,0,0,0,0,0,0,0,0,0.0,0.0,0.0,49,0.0,237,0.0,Youssef Ramalho Chermiti
Ashley,Young,DEF,15,425,0,2,1,8,1,1,1,99.2,72.7,0.0,45,17.2,238,3.3333333333333335,Ashley Young
Jesper,Lindstrøm,MID,6,147,0,0,1,3,0,0,0,32.0,47.1,50.0,52,12.9,577,1.1538461538461537,Jesper Lindstrøm
Jake,O'Brien,DEF,0,26,0,0,0,1,1,0,0,4.0,0.4,0.0,47,0.4,582,0.0,Jake O'Brien
Harrison,Armstrong,MID,1,1,0,0,0,0,0,0,0,0.0,0.1,2.0,45,0.2,603,0.2222222222222222,Harrison Armstrong
Jenson,Metcalfe,MID,0,0,0,0,0,0,0,0,0,0.0,0.0,0.0,45,0.0,614,0.0,Jenson Metcalfe
Asmir,Begovic,GK,0,0,0,0,0,0,0,0,0,0.0,0.0,0.0,40,0.0,624,0.0,Asmir Begovic
Roman,Dixon,DEF,0,90,0,0,0,4,0,0,0,15.4,0.3,0.0,40,1.6,627,0.0,Roman Dixon
Orel,Mangala,MID,6,254,0,0,0,3,0,0,0,26.8,17.9,8.0,50,5.3,651,1.2,Orel Mangala
Reiss,Nelson,MID,13,76,1,1,0,2,1,0,1,64.0,26.3,58.0,50,14.8,10,2.6,Reiss Nelson
Emile,Smith Rowe,MID,34,469,2,1,3,4,0,0,5,125.6,102.6,92.0,58,32.1,19,5.862068965517241,Emile Smith Rowe
Joachim,Andersen,DEF,13,450,0,0,1,7,1,0,2,124.8,18.6,33.0,44,17.7,191,2.954545454545454,Joachim Andersen
Adama,Traoré,MID,28,556,1,2,2,7,2,0,3,129.8,154.7,167.0,51,45.2,239,5.490196078431372,Adama Traoré
Andreas,Hoelgebaum Pereira,MID,23,544,1,1,2,6,2,0,1,94.0,332.0,83.0,53,50.9,240,4.339622641509433,Andreas Hoelgebaum Pereira
Calvin,Bassey,DEF,15,630,0,0,1,8,2,0,0,121.4,7.5,15.0,45,14.3,241,3.3333333333333335,Calvin Bassey
Steven,Benda,GK,0,0,0,0,0,0,0,0,0,0.0,0.0,0.0,40,0.0,242,0.0,Steven Benda
Tom,Cairney,MID,3,92,0,0,0,3,2,0,0,19.2,33.8,4.0,48,5.9,243,0.6249999999999999,Tom Cairney
Timothy,Castagne,DEF,1,13,0,0,0,1,0,0,0,8.8,0.7,0.0,42,1.0,244,0.23809523809523808,Timothy Castagne
Issa,Diop,DEF,8,278,0,0,0,3,0,0,0,56.8,12.3,13.0,45,8.2,245,1.7777777777777777,Issa Diop
Luke,Harris,MID,0,0,0,0,0,0,0,0,0,0.0,0.0,0.0,45,0.0,246,0.0,Luke Harris
Alex,Iwobi,MID,27,587,1,1,2,6,0,0,3,140.8,193.1,145.0,55,47.8,247,4.909090909090909,Alex Iwobi
Bernd,Leno,GK,20,630,0,0,1,8,2,0,0,164.0,0.0,0.0,50,16.4,248,4.0,Bernd Leno
Saša,Lukić,MID,11,548,0,0,2,6,4,0,0,65.2,61.5,2.0,49,12.9,249,2.2448979591836733,Saša Lukić
Kevin,Mbabu,DEF,0,0,0,0,0,0,0,0,0,0.0,0.0,0.0,40,0.0,250,0.0,Kevin Mbabu
Rodrigo,Muniz Carvalho,FWD,18,287,1,1,1,4,0,0,1,70.2,53.0,160.0,58,28.3,251,3.1034482758620685,Rodrigo Muniz Carvalho
Raúl,Jiménez,FWD,32,336,3,1,2,4,0,0,6,140.0,64.8,206.0,56,41.3,252,5.7142857142857135,Raúl Jiménez
Tim,Ream,DEF,0,0,0,0,0,0,0,0,0,0.0,0.0,0.0,45,0.0,253,0.0,Tim Ream
Harrison,Reed,MID,4,42,0,0,0,1,2,0,0,8.6,16.5,6.0,48,3.1,254,0.8333333333333333,Harrison Reed
Antonee,Robinson,DEF,25,630,0,2,1,8,1,0,3,177.4,115.3,21.0,47,31.5,255,5.319148936170213,Antonee Robinson
Jay,Stansfield,FWD,1,1,0,0,0,0,0,0,0,0.0,0.0,0.0,50,0.0,256,0.2,Jay Stansfield
Kenny,Tete,DEF,15,616,0,0,1,7,2,0,0,85.4,39.8,72.0,45,19.8,257,3.3333333333333335,Kenny Tete
Carlos Vinícius,Alves Morais,FWD,0,0,0,0,0,0,0,0,0,0.0,0.0,0.0,50,0.0,258,0.0,Carlos Vinícius Alves Morais
Harry,Wilson,MID,2,36,0,0,0,1,1,0,0,0.2,5.2,12.0,53,1.6,259,0.3773584905660377,Harry Wilson
Ryan,Sessegnon,DEF,0,0,0,0,0,0,0,0,0,0.0,0.0,0.0,43,0.0,579,0.0,Ryan Sessegnon
Jorge,Cuenca Barreno,DEF,0,0,0,0,0,0,0,0,0,0.0,0.0,0.0,44,0.0,586,0.0,Jorge Cuenca Barreno
Josh,King,MID,0,0,0,0,0,0,0,0,0,0.0,0.0,0.0,45,0.0,604,0.0,Josh King
Martial,Godo,MID,0,0,0,0,0,0,0,0,0,0.0,0.0,0.0,45,0.0,605,0.0,Martial Godo
Sander,Berge,MID,6,172,0,0,0,4,0,0,0,36.6,46.6,4.0,50,8.6,622,1.2,Sander Berge
Ali,Al-Hamadi,FWD,1,32,0,0,0,1,2,0,0,4.0,11.5,4.0,49,2.0,260,0.2040816326530612,Ali Al-Hamadi
Elkan,Baggott,DEF,0,0,0,0,0,0,0,0,0,0.0,0.0,0.0,40,0.0,261,0.0,Elkan Baggott
Nathan,Broadhead,MID,0,0,0,0,0,0,0,0,0,0.0,0.0,0.0,49,0.0,262,0.0,Nathan Broadhead
Cameron,Burgess,DEF,0,0,0,0,0,0,0,0,0,0.0,0.0,0.0,39,0.0,263,0.0,Cameron Burgess
Wes,Burns,MID,6,280,0,0,0,5,1,0,0,18.2,48.9,17.0,49,8.0,264,1.2244897959183672,Wes Burns
Conor,Chaplin,MID,7,96,0,0,0,1,0,0,0,10.2,20.1,2.0,52,3.3,265,1.346153846153846,Conor Chaplin
Harry,Clarke,DEF,0,0,0,0,0,0,0,0,0,0.0,0.0,0.0,40,0.0,266,0.0,Harry Clarke
Leif,Davis,DEF,18,630,0,1,1,14,0,0,3,123.0,232.1,36.0,45,39.2,267,4.0,Leif Davis
Liam,Delap,FWD,31,537,4,0,0,13,2,0,4,155.6,60.6,151.0,56,36.6,268,5.535714285714286,Liam Delap
George,Edmundson,DEF,1,1,0,0,0,0,0,0,0,0.0,0.0,0.0,40,0.0,269,0.25,George Edmundson
Jacob,Greaves,DEF,11,630,0,0,1,14,1,0,0,154.8,4.7,55.0,41,21.5,270,2.6829268292682924,Jacob Greaves
Marcus,Myers-Harness,MID,2,43,0,0,0,2,0,0,0,9.4,1.9,6.0,49,1.7,271,0.4081632653061224,Marcus Myers-Harness
George,Hirst,FWD,4,56,0,0,0,0,0,0,0,4.4,11.6,41.0,54,5.8,272,0.7407407407407407,George Hirst
Cameron,Humphreys,MID,0,0,0,0,0,0,0,0,0,0.0,0.0,0.0,45,0.0,273,0.0,Cameron Humphreys
Omari,Giraud-Hutchinson,MID,16,614,0,1,1,14,3,0,1,69.8,72.1,72.0,53,21.5,274,3.0188679245283017,Omari Giraud-Hutchinson
Ben,Johnson,DEF,4,221,0,1,0,10,0,0,0,59.4,20.6,0.0,40,8.0,275,1.0,Ben Johnson
Freddie,Ladapo,FWD,0,0,0,0,0,0,0,0,0,0.0,0.0,0.0,45,0.0,276,0.0,Freddie Ladapo
Massimo,Luongo,MID,6,142,0,0,0,4,0,0,0,25.0,4.3,0.0,45,3.0,277,1.3333333333333333,Massimo Luongo
Sam,Morsy,MID,18,623,1,0,1,14,4,0,2,123.2,73.7,16.0,49,21.3,278,3.6734693877551017,Sam Morsy
Corrie,Ndaba,DEF,0,0,0,0,0,0,0,0,0,0.0,0.0,0.0,40,0.0,279,0.0,Corrie Ndaba
Cieran,Slicker,GK,0,0,0,0,0,0,0,0,0,0.0,0.0,0.0,40,0.0,280,0.0,Cieran Slicker
Jack,Taylor,MID,4,109,0,0,0,2,1,0,0,16.0,7.3,10.0,48,3.2,281,0.8333333333333333,Jack Taylor
Axel,Tuanzebe,DEF,11,512,0,0,1,10,1,0,0,102.0,43.0,19.0,40,16.4,282,2.75,Axel Tuanzebe
Christian,Walton,GK,2,90,0,0,0,2,0,0,0,28.2,0.0,0.0,44,2.8,283,0.45454545454545453,Christian Walton
Luke,Woolfenden,DEF,2,270,0,0,0,7,1,0,0,58.2,1.3,6.0,40,6.6,284,0.5,Luke Woolfenden
Kalvin,Phillips,MID,8,300,0,0,1,7,1,0,0,40.8,24.1,8.0,49,7.3,359,1.6326530612244896,Kalvin Phillips
Arijanet,Muric,GK,19,540,0,0,1,12,0,0,3,152.4,0.0,0.0,44,15.3,568,4.3181818181818175,Arijanet Muric
Conor,Townsend,DEF,0,0,0,0,0,0,0,0,0,0.0,0.0,0.0,40,0.0,583,0.0,Conor Townsend
Sam,Szmodics,MID,14,303,1,0,0,5,1,0,0,40.8,16.8,47.0,59,10.3,611,2.3728813559322033,Sam Szmodics
Jens,Cajuste,MID,3,80,0,0,0,1,0,0,0,8.4,25.0,1.0,45,3.4,619,0.6666666666666666,Jens Cajuste
Dara,O'Shea,DEF,9,360,0,0,1,7,1,0,1,107.2,2.0,42.0,40,15.2,630,2.25,Dara O'Shea
Jack,Clarke,MID,9,231,0,1,0,6,1,0,0,42.6,62.6,34.0,55,13.7,631,1.6363636363636365,Jack Clarke
Chiedozie,Ogbene,MID,6,203,0,0,0,3,0,0,0,22.8,29.4,12.0,50,6.4,632,1.2,Chiedozie Ogbene
Facundo,Buonanotte,MID,28,369,2,2,1,5,2,0,3,148.0,98.3,78.0,50,32.4,117,5.6,Facundo Buonanotte
Jordan,Ayew,MID,9,377,0,0,1,8,3,0,0,22.6,60.3,49.0,52,13.2,192,1.7307692307692306,Jordan Ayew
Odsonne,Edouard,FWD,6,139,0,0,0,3,0,0,0,3.0,25.0,50.0,53,7.8,198,1.132075471698113,Odsonne Edouard
Boubakary,Soumaré,MID,1,13,0,0,0,0,1,0,0,0.2,0.6,0.0,45,0.1,285,0.2222222222222222,Boubakary Soumaré
Tom,Cannon,FWD,0,0,0,0,0,0,0,0,0,0.0,0.0,0.0,45,0.0,286,0.0,Tom Cannon
Hamza,Choudhury,MID,1,14,0,0,0,1,0,0,0,3.0,0.0,0.0,44,0.3,287,0.22727272727272727,Hamza Choudhury
Conor,Coady,DEF,0,7,0,0,0,1,1,0,0,2.0,0.0,0.0,40,0.2,288,0.0,Conor Coady
Patson,Daka,FWD,0,0,0,0,0,0,0,0,0,0.0,0.0,0.0,48,0.0,289,0.0,Patson Daka
Bobby,De Cordova-Reid,MID,7,157,0,0,0,4,0,0,0,9.0,3.6,11.0,53,2.3,290,1.320754716981132,Bobby De Cordova-Reid
Wout,Faes,DEF,18,630,1,0,1,12,1,0,0,212.4,13.9,52.0,41,27.8,291,4.390243902439024,Wout Faes
Michael,Golding,MID,0,0,0,0,0,0,0,0,0,0.0,0.0,0.0,44,0.0,292,0.0,Michael Golding
Mads,Hermansen,GK,21,630,0,0,1,12,0,0,0,272.0,0.2,0.0,45,27.3,293,4.666666666666667,Mads Hermansen
Daniel,Iversen,GK,0,0,0,0,0,0,0,0,0,0.0,0.0,0.0,40,0.0,294,0.0,Daniel Iversen
James,Justin,DEF,29,630,2,1,1,12,1,0,2,188.6,40.3,51.0,45,28.0,295,6.444444444444445,James Justin
Victor,Kristiansen,DEF,12,624,0,0,1,12,1,0,0,143.0,102.3,0.0,45,24.5,296,2.6666666666666665,Victor Kristiansen
Wanya,Marçal-Madivádua,MID,0,0,0,0,0,0,0,0,0,0.0,0.0,0.0,45,0.0,297,0.0,Wanya Marçal-Madivádua
Stephy,Mavididi,MID,25,384,2,0,1,4,0,0,3,106.0,65.5,88.0,53,25.9,298,4.716981132075471,Stephy Mavididi
Kasey,McAteer,MID,3,10,0,0,0,0,0,0,0,5.2,0.5,6.0,48,1.1,299,0.6249999999999999,Kasey McAteer
Wilfred,Ndidi,MID,23,613,0,4,1,10,3,0,1,193.0,104.0,88.0,50,38.5,300,4.6,Wilfred Ndidi
Caleb,Okoli,DEF,11,450,0,0,1,8,1,0,1,131.8,2.3,26.0,40,16.0,301,2.75,Caleb Okoli
Ricardo,Barbosa Pereira,DEF,0,0,0,0,0,0,0,0,0,0.0,0.0,0.0,43,0.0,302,0.0,Ricardo Barbosa Pereira
Harry,Souttar,DEF,0,0,0,0,0,0,0,0,0,0.0,0.0,0.0,40,0.0,303,0.0,Harry Souttar
Jakub,Stolarczyk,GK,0,0,0,0,0,0,0,0,0,0.0,0.0,0.0,40,0.0,304,0.0,Jakub Stolarczyk
Luke,Thomas,DEF,0,0,0,0,0,0,0,0,0,0.0,0.0,0.0,40,0.0,305,0.0,Luke Thomas
Jamie,Vardy,FWD,24,573,2,0,1,12,2,0,4,87.2,42.0,98.0,57,22.5,306,4.2105263157894735,Jamie Vardy
Jannik,Vestergaard,DEF,2,180,0,0,0,3,1,0,0,37.8,0.6,7.0,40,4.5,307,0.5,Jannik Vestergaard
Danny,Ward,GK,0,0,0,0,0,0,0,0,0,0.0,0.0,0.0,40,0.0,308,0.0,Danny Ward
Harry,Winks,MID,11,540,0,0,0,12,1,0,0,82.8,103.9,1.0,45,18.9,309,2.4444444444444446,Harry Winks
Oliver,Skipp,MID,8,356,0,0,1,6,2,0,0,46.8,45.8,9.0,49,10.1,501,1.6326530612244896,Oliver Skipp
Abdul,Fatawu,MID,16,275,0,1,0,7,0,0,3,67.4,39.3,44.0,54,15.1,570,2.962962962962963,Abdul Fatawu
Will,Alves,MID,0,0,0,0,0,0,0,0,0,0.0,0.0,0.0,45,0.0,606,0.0,Will Alves
Ben,Nelson,DEF,0,0,0,0,0,0,0,0,0,0.0,0.0,0.0,40,0.0,616,0.0,Ben Nelson
Bilal,El Khannouss,MID,3,78,0,0,0,3,0,0,0,7.4,26.2,2.0,49,3.6,635,0.6122448979591836,Bilal El Khannouss
Alisson,Ramses Becker,GK,35,528,0,0,4,2,0,0,5,126.8,0.0,0.0,55,12.6,310,6.363636363636363,Alisson Ramses Becker
Trent,Alexander-Arnold,DEF,41,582,0,1,5,2,2,0,6,122.2,238.5,45.0,71,40.5,311,5.774647887323943,Trent Alexander-Arnold
Stefan,Bajčetić Maquieira,MID,0,0,0,0,0,0,0,0,0,0.0,0.0,0.0,45,0.0,312,0.0,Stefan Bajčetić Maquieira
Conor,Bradley,DEF,4,75,0,0,0,1,0,0,0,17.8,6.5,52.0,47,7.6,313,0.851063829787234,Conor Bradley
Bobby,Clark,MID,0,0,0,0,0,0,0,0,0,0.0,0.0,0.0,45,0.0,315,0.0,Bobby Clark
Darwin,Núñez Ribeiro,FWD,9,133,1,0,1,1,0,0,0,51.6,17.8,48.0,71,11.8,316,1.2676056338028168,Darwin Núñez Ribeiro
Diogo,Teixeira da Silva,MID,34,463,2,3,4,1,1,0,1,105.0,54.6,157.0,74,31.6,317,4.594594594594595,Diogo Teixeira da Silva
Ben,Doak,MID,0,0,0,0,0,0,0,0,0,0.0,0.0,0.0,45,0.0,318,0.0,Ben Doak
Harvey,Elliott,MID,1,7,0,0,0,0,0,0,0,0.0,2.0,2.0,52,0.4,319,0.1923076923076923,Harvey Elliott
Endo,Wataru,MID,2,2,0,0,0,0,0,0,0,2.4,10.8,0.0,48,1.3,320,0.41666666666666663,Endo Wataru
Cody,Gakpo,FWD,9,207,0,1,1,1,2,0,0,49.2,92.7,42.0,71,18.4,321,1.2676056338028168,Cody Gakpo
Joe,Gomez,DEF,1,1,0,0,0,0,0,0,0,3.0,0.3,0.0,48,0.3,322,0.20833333333333331,Joe Gomez
Ryan,Gravenberch,MID,18,630,0,0,5,2,2,0,1,98.0,88.9,26.0,50,21.2,323,3.6,Ryan Gravenberch
Curtis,Jones,MID,6,149,0,0,1,0,0,0,0,30.2,29.0,26.0,53,8.6,324,1.132075471698113,Curtis Jones
Caoimhin,Kelleher,GK,9,90,0,0,1,0,0,0,1,49.8,0.0,0.0,44,5.0,325,2.0454545454545454,Caoimhin Kelleher
Ibrahima,Konaté,DEF,37,569,1,1,4,2,2,0,1,173.2,29.4,46.0,52,25.0,326,7.115384615384615,Ibrahima Konaté
Luis,Díaz,MID,54,446,5,1,5,1,0,0,8,237.0,136.6,225.0,81,59.8,327,6.666666666666667,Luis Díaz
Mohamed,Salah,MID,62,604,4,4,5,2,0,0,11,276.2,188.0,399.0,127,86.2,328,4.881889763779527,Mohamed Salah
Alexis,Mac Allister,MID,15,554,0,0,4,1,1,0,0,81.8,124.5,57.0,63,26.3,329,2.3809523809523805,Alexis Mac Allister
James,McConnell,MID,0,0,0,0,0,0,0,0,0,0.0,0.0,0.0,45,0.0,330,0.0,James McConnell
Tyler,Morton,MID,0,0,0,0,0,0,0,0,0,0.0,0.0,0.0,45,0.0,331,0.0,Tyler Morton
Nathaniel,Phillips,DEF,0,0,0,0,0,0,0,0,0,0.0,0.0,0.0,40,0.0,332,0.0,Nathaniel Phillips
Jarell,Quansah,DEF,1,45,0,0,0,0,0,0,0,15.8,0.5,0.0,41,1.6,333,0.2439024390243902,Jarell Quansah
Rhys,Williams,DEF,0,0,0,0,0,0,0,0,0,0.0,0.0,0.0,40,0.0,334,0.0,Rhys Williams
Andrew,Robertson,DEF,28,513,0,0,4,2,1,0,0,70.2,158.8,68.0,60,29.7,335,4.666666666666667,Andrew Robertson
Dominik,Szoboszlai,MID,22,537,0,2,4,2,2,0,1,71.2,176.8,95.0,65,34.4,336,3.3846153846153846,Dominik Szoboszlai
Konstantinos,Tsimikas,DEF,9,111,0,0,1,0,0,0,0,17.6,10.9,2.0,47,3.2,337,1.9148936170212765,Konstantinos Tsimikas
Virgil,van Dijk,DEF,36,630,0,0,5,2,1,0,3,146.6,29.1,39.0,60,21.4,339,6.0,Virgil van Dijk
Federico,Chiesa,MID,1,18,0,0,0,0,0,0,0,0.2,0.9,15.0,69,1.6,636,0.14492753623188406,Federico Chiesa
Vítezslav,Jaros,GK,1,11,0,0,0,0,0,0,0,8.8,0.0,0.0,40,0.9,660,0.25,Vítezslav Jaros
Manuel,Akanji,DEF,16,601,0,0,1,7,1,0,0,122.2,127.2,18.0,55,26.8,340,2.909090909090909,Manuel Akanji
Nathan,Aké,DEF,1,2,0,0,0,0,0,0,0,3.4,0.5,0.0,53,0.4,341,0.18867924528301885,Nathan Aké
Bernardo,Veiga de Carvalho e Silva,MID,25,546,0,3,1,7,2,0,4,117.8,255.5,189.0,65,56.2,342,3.8461538461538463,Bernardo Veiga de Carvalho e Silva
Oscar,Bobb,MID,0,0,0,0,0,0,0,0,0,0.0,0.0,0.0,48,0.0,343,0.0,Oscar Bobb
Scott,Carson,GK,0,0,0,0,0,0,0,0,0,0.0,0.0,0.0,40,0.0,344,0.0,Scott Carson
Kevin,De Bruyne,MID,18,356,1,1,1,3,1,0,2,98.8,246.8,82.0,94,42.7,345,1.9148936170212765,Kevin De Bruyne
Jérémy,Doku,MID,16,333,1,0,1,5,0,0,0,78.6,111.7,74.0,63,26.5,346,2.5396825396825395,Jérémy Doku
Ederson,Santana de Moraes,GK,21,630,0,1,1,8,3,0,2,147.2,10.0,0.0,55,15.7,347,3.8181818181818183,Ederson Santana de Moraes
Phil,Foden,MID,5,166,0,0,0,1,0,0,0,26.2,93.2,42.0,92,16.2,348,0.5434782608695652,Phil Foden
Jack,Grealish,MID,14,326,0,1,0,4,2,0,3,65.2,155.8,99.0,64,32.1,349,2.1875,Jack Grealish
Joško,Gvardiol,DEF,23,582,1,0,1,7,0,0,2,164.4,76.0,132.0,59,37.3,350,3.8983050847457625,Joško Gvardiol
Erling,Haaland,FWD,67,629,10,0,1,8,1,0,14,378.8,52.9,485.0,154,91.8,351,4.35064935064935,Erling Haaland
Julián,Álvarez,FWD,0,0,0,0,0,0,0,0,0,0.0,0.0,0.0,70,0.0,352,0.0,Julián Álvarez
João,Cavaco Cancelo,DEF,0,0,0,0,0,0,0,0,0,0.0,0.0,0.0,53,0.0,353,0.0,João Cavaco Cancelo
Mateo,Kovačić,MID,36,523,3,1,1,8,2,0,7,183.6,147.0,53.0,55,38.4,354,6.545454545454546,Mateo Kovačić
Rico,Lewis,DEF,21,485,0,2,1,6,0,0,1,102.2,64.4,59.0,47,22.5,355,4.468085106382978,Rico Lewis
Matheus Luiz,Nunes,MID,7,21,0,1,0,0,0,0,0,25.4,15.3,6.0,49,4.7,356,1.4285714285714284,Matheus Luiz Nunes
James,McAtee,MID,1,1,0,0,0,0,0,0,0,0.2,1.0,2.0,48,0.3,357,0.20833333333333331,James McAtee
Stefan,Ortega Moreno,GK,0,0,0,0,0,0,0,0,0,0.0,0.0,0.0,53,0.0,358,0.0,Stefan Ortega Moreno
Rodrigo 'Rodri',Hernandez,MID,2,65,0,0,0,0,0,0,0,10.8,17.1,0.0,63,2.8,360,0.31746031746031744,Rodrigo 'Rodri' Hernandez
Rúben,Gato Alves Dias,DEF,10,546,0,0,1,7,3,0,0,106.4,66.7,40.0,55,21.4,361,1.8181818181818181,Rúben Gato Alves Dias
John,Stones,DEF,10,147,1,0,0,2,1,0,0,44.2,9.5,35.0,53,8.7,362,1.8867924528301885,John Stones
Kyle,Walker,DEF,7,287,0,0,0,5,0,0,0,58.0,77.7,21.0,53,15.7,363,1.320754716981132,Kyle Walker
Sávio 'Savinho',Moreira de Oliveira,MID,19,291,0,3,0,4,1,0,3,72.2,132.6,98.0,65,30.3,571,2.923076923076923,Sávio 'Savinho' Moreira de Oliveira
Nico,O'Reilly,MID,0,0,0,0,0,0,0,0,0,0.0,0.0,0.0,50,0.0,607,0.0,Nico O'Reilly
Ilkay,Gündogan,MID,10,374,0,0,0,6,0,0,0,40.2,167.6,47.0,65,25.4,625,1.5384615384615385,Ilkay Gündogan
Issa,Kaboré,DEF,0,0,0,0,0,0,0,0,0,0.0,0.0,0.0,45,0.0,626,0.0,Issa Kaboré
Amad,Diallo,MID,20,340,1,1,3,1,1,0,0,98.8,167.3,99.0,50,36.5,364,4.0,Amad Diallo
Antony Matheus,dos Santos,MID,2,27,0,0,0,1,0,0,0,7.2,11.3,10.0,58,2.8,365,0.3448275862068965,Antony Matheus dos Santos
Bruno,Borges Fernandes,MID,16,569,0,1,4,7,1,1,0,95.0,120.3,99.0,82,31.3,366,1.9512195121951217,Bruno Borges Fernandes
Altay,Bayindir,GK,0,0,0,0,0,0,0,0,0,0.0,0.0,0.0,44,0.0,367,0.0,Altay Bayindir
Carlos Henrique,Casimiro,MID,9,278,0,0,1,6,0,0,0,56.6,85.7,43.0,48,18.6,368,1.8749999999999998,Carlos Henrique Casimiro
Diogo,Dalot Teixeira,DEF,35,630,0,1,4,8,1,0,6,135.6,102.1,13.0,51,24.9,369,6.862745098039215,Diogo Dalot Teixeira
Christian,Eriksen,MID,9,259,0,0,3,1,2,0,0,40.2,133.1,8.0,54,18.1,370,1.6666666666666665,Christian Eriksen
Jonny,Evans,DEF,11,112,0,0,1,0,0,0,3,24.6,1.7,4.0,44,3.0,371,2.5,Jonny Evans
Alejandro,Garnacho,MID,20,409,1,1,2,7,1,0,0,87.0,87.5,140.0,63,31.4,372,3.1746031746031744,Alejandro Garnacho
Hannibal,Mejbri,MID,0,0,0,0,0,0,0,0,0,0.0,0.0,0.0,45,0.0,373,0.0,Hannibal Mejbri
Tom,Heaton,GK,0,0,0,0,0,0,0,0,0,0.0,0.0,0.0,40,0.0,374,0.0,Tom Heaton
Rasmus,Højlund,FWD,4,94,0,0,1,1,0,0,0,0.0,3.3,4.0,69,0.6,375,0.5797101449275363,Rasmus Højlund
Victor,Lindelöf,DEF,0,45,0,0,0,0,1,0,0,10.8,4.2,0.0,43,1.5,376,0.0,Victor Lindelöf
Harry,Maguire,DEF,8,240,0,0,1,1,3,0,0,42.4,15.0,10.0,49,6.7,377,1.6326530612244896,Harry Maguire
Kobbie,Mainoo,MID,13,571,0,0,4,6,4,0,0,73.2,57.7,23.0,52,15.6,378,2.5,Kobbie Mainoo
Tyrell,Malacia,DEF,0,0,0,0,0,0,0,0,0,0.0,0.0,0.0,44,0.0,379,0.0,Tyrell Malacia
Lisandro,Martínez,DEF,19,526,0,0,3,8,3,0,1,93.8,30.1,64.0,45,18.8,380,4.222222222222222,Lisandro Martínez
Scott,McTominay,MID,2,17,0,0,0,1,0,0,0,3.2,0.3,5.0,49,0.9,381,0.4081632653061224,Scott McTominay
Mason,Mount,MID,3,144,0,0,1,3,2,0,0,17.4,48.0,42.0,63,10.8,382,0.47619047619047616,Mason Mount
André,Onana,GK,39,630,0,0,4,8,0,0,3,191.8,0.0,0.0,50,19.2,383,7.8,André Onana
Facundo,Pellistri Rebollo,MID,0,0,0,0,0,0,0,0,0,0.0,0.0,0.0,50,0.0,384,0.0,Facundo Pellistri Rebollo
Marcus,Rashford,MID,20,480,1,0,3,6,1,0,0,83.2,105.9,90.0,69,27.9,385,2.898550724637681,Marcus Rashford
Luke,Shaw,DEF,0,0,0,0,0,0,0,0,0,0.0,0.0,0.0,49,0.0,387,0.0,Luke Shaw
Joshua,Zirkzee,FWD,16,380,1,0,2,5,1,0,3,74.4,70.7,143.0,68,28.8,389,2.352941176470588,Joshua Zirkzee
Leny,Yoro,DEF,0,0,0,0,0,0,0,0,0,0.0,0.0,0.0,43,0.0,572,0.0,Leny Yoro
Matthijs,de Ligt,DEF,25,399,1,0,2,7,1,0,3,130.4,12.8,143.0,50,28.8,593,5.0,Matthijs de Ligt
Noussair,Mazraoui,DEF,26,558,0,1,3,8,1,0,2,118.0,51.1,44.0,46,21.3,594,5.652173913043478,Noussair Mazraoui
Toby,Collyer,MID,1,45,0,0,0,1,0,0,0,14.2,12.6,2.0,45,2.9,613,0.2222222222222222,Toby Collyer
Ethan,Wheatley,FWD,0,0,0,0,0,0,0,0,0,0.0,0.0,0.0,45,0.0,648,0.0,Ethan Wheatley
Manuel,Ugarte,MID,3,102,0,0,0,2,1,0,0,18.2,6.3,0.0,50,2.4,652,0.6,Manuel Ugarte
Alex,Murphy,DEF,0,0,0,0,0,0,0,0,0,0.0,0.0,0.0,40,0.0,390,0.0,Alex Murphy
Miguel,Almirón Rejala,MID,3,30,0,0,0,0,0,0,0,3.4,14.6,11.0,56,2.9,391,0.5357142857142857,Miguel Almirón Rejala
Harvey,Barnes,MID,38,384,3,1,1,5,0,0,8,149.2,88.7,142.0,65,38.1,392,5.846153846153846,Harvey Barnes
Sven,Botman,DEF,0,0,0,0,0,0,0,0,0,0.0,0.0,0.0,44,0.0,393,0.0,Sven Botman
Bruno,Guimarães Rodriguez Moura,MID,19,626,0,1,2,7,2,0,2,121.6,81.3,28.0,63,23.2,394,3.0158730158730154,Bruno Guimarães Rodriguez Moura
Dan,Burn,DEF,18,630,0,0,2,7,3,0,2,126.4,13.6,69.0,44,20.9,395,4.090909090909091,Dan Burn
Martin,Dúbravka,GK,0,0,0,0,0,0,0,0,0,0.0,0.0,0.0,43,0.0,396,0.0,Martin Dúbravka
Anthony,Gordon,MID,29,599,2,0,2,6,0,0,5,132.4,232.0,141.0,73,50.6,398,3.972602739726027,Anthony Gordon
Lewis,Hall,DEF,17,427,0,0,2,3,2,0,0,104.6,97.6,10.0,43,21.4,399,3.9534883720930236,Lewis Hall
Isaac,Hayden,MID,0,0,0,0,0,0,0,0,0,0.0,0.0,0.0,45,0.0,400,0.0,Isaac Hayden
Alexander,Isak,FWD,19,405,1,1,1,6,0,0,3,77.0,51.9,116.0,83,24.4,401,2.2891566265060237,Alexander Isak
Jacob,Murphy,MID,16,408,0,2,1,4,1,0,0,80.2,91.6,61.0,52,23.3,402,3.0769230769230766,Jacob Murphy
Joelinton Cássio,Apolinário de Lira,MID,19,568,1,0,2,6,4,0,3,116.6,98.9,118.0,60,33.4,403,3.1666666666666665,Joelinton Cássio Apolinário de Lira
Lloyd,Kelly,DEF,8,203,0,1,0,4,1,0,0,56.8,16.7,7.0,44,7.9,404,1.8181818181818181,Lloyd Kelly
Emil,Krafth,DEF,10,240,0,0,1,2,0,0,0,44.2,10.9,11.0,45,6.6,405,2.2222222222222223,Emil Krafth
Garang,Kuol,MID,0,0,0,0,0,0,0,0,0,0.0,0.0,0.0,45,0.0,406,0.0,Garang Kuol
Jamaal,Lascelles,DEF,0,0,0,0,0,0,0,0,0,0.0,0.0,0.0,45,0.0,407,0.0,Jamaal Lascelles
Jamal,Lewis,DEF,0,0,0,0,0,0,0,0,0,0.0,0.0,0.0,40,0.0,408,0.0,Jamal Lewis
Tino,Livramento,DEF,15,347,0,0,1,4,0,0,1,80.2,27.1,0.0,45,10.8,409,3.3333333333333335,Tino Livramento
Sean,Longstaff,MID,9,302,0,0,1,3,1,0,0,33.8,19.8,12.0,48,6.6,410,1.8749999999999998,Sean Longstaff
Lewis,Miley,MID,0,0,0,0,0,0,0,0,0,0.0,0.0,0.0,50,0.0,411,0.0,Lewis Miley
Odysseas,Vlachodimos,GK,0,0,0,0,0,0,0,0,0,0.0,0.0,0.0,44,0.0,412,0.0,Odysseas Vlachodimos
Nick,Pope,GK,31,630,0,0,2,7,0,0,2,223.8,0.0,0.0,50,22.4,413,6.2,Nick Pope
John,Ruddy,GK,0,0,0,0,0,0,0,0,0,0.0,0.0,0.0,40,0.0,414,0.0,John Ruddy
Fabian,Schär,DEF,13,387,1,0,1,5,2,1,0,84.6,11.2,33.0,54,12.4,415,2.4074074074074074,Fabian Schär
Matt,Targett,DEF,0,0,0,0,0,0,0,0,0,0.0,0.0,0.0,40,0.0,416,0.0,Matt Targett
Sandro,Tonali,MID,7,230,0,0,1,2,1,0,0,36.6,34.8,64.0,55,13.5,417,1.2727272727272727,Sandro Tonali
Kieran,Trippier,DEF,13,278,0,0,1,3,0,0,2,44.6,65.7,11.0,57,12.1,418,2.280701754385965,Kieran Trippier
Joe,White,MID,0,0,0,0,0,0,0,0,0,0.0,0.0,0.0,45,0.0,419,0.0,Joe White
Joe,Willock,MID,8,144,0,1,0,2,0,0,0,39.0,67.4,18.0,48,12.5,420,1.6666666666666665,Joe Willock
Callum,Wilson,FWD,0,0,0,0,0,0,0,0,0,0.0,0.0,0.0,69,0.0,421,0.0,Callum Wilson
Miodrag,Pivaš,DEF,0,0,0,0,0,0,0,0,0,0.0,0.0,0.0,40,0.0,574,0.0,Miodrag Pivaš
William,Osula,FWD,1,7,0,0,0,1,0,0,0,1.0,0.0,0.0,50,0.1,590,0.2,William Osula
Álex,Moreno Lopera,DEF,10,288,0,0,1,4,1,0,1,43.2,12.7,4.0,44,6.0,26,2.2727272727272725,Álex Moreno Lopera
Ola,Aina,DEF,24,593,0,0,2,5,1,0,5,113.8,67.7,8.0,45,19.0,422,5.333333333333333,Ola Aina
Elliot,Anderson,MID,17,421,0,1,2,6,1,0,2,99.4,75.5,60.0,50,23.4,423,3.4,Elliot Anderson
Taiwo,Awoniyi,FWD,4,79,0,0,0,1,0,0,0,7.8,3.8,33.0,57,4.2,424,0.7017543859649122,Taiwo Awoniyi
Willy,Boly,DEF,3,91,0,0,0,1,0,0,0,32.0,0.2,17.0,43,4.9,425,0.6976744186046512,Willy Boly
Josh,Bowler,MID,0,0,0,0,0,0,0,0,0,0.0,0.0,0.0,45,0.0,426,0.0,Josh Bowler
Carlos Miguel,dos Santos Pereira,GK,0,0,0,0,0,0,0,0,0,0.0,0.0,0.0,43,0.0,427,0.0,Carlos Miguel dos Santos Pereira
Eric,da Silva Moreira,MID,0,0,0,0,0,0,0,0,0,0.0,0.0,0.0,45,0.0,428,0.0,Eric da Silva Moreira
Danilo,dos Santos de Oliveira,MID,1,14,0,0,0,0,0,0,0,0.0,0.1,0.0,48,0.0,429,0.20833333333333331,Danilo dos Santos de Oliveira
Emmanuel,Dennis,FWD,0,0,0,0,0,0,0,0,0,0.0,0.0,0.0,49,0.0,430,0.0,Emmanuel Dennis
Nicolás,Domínguez,MID,4,174,0,0,0,2,1,0,0,26.2,20.4,9.0,48,5.6,431,0.8333333333333333,Nicolás Domínguez
Anthony,Elanga,MID,12,360,0,1,1,4,1,0,0,52.2,109.6,86.0,52,24.9,432,2.3076923076923075,Anthony Elanga
Morgan,Gibbs-White,MID,17,507,1,0,2,5,1,1,2,96.0,157.0,169.0,63,42.2,433,2.698412698412698,Morgan Gibbs-White
Callum,Hudson-Odoi,MID,22,480,1,1,2,4,1,0,1,94.8,169.2,103.0,54,36.6,434,4.0740740740740735,Callum Hudson-Odoi
Alex,Mighten,MID,0,0,0,0,0,0,0,0,0,0.0,0.0,0.0,45,0.0,435,0.0,Alex Mighten
Murillo,Santiago Costa dos Santos,DEF,21,630,0,0,2,6,1,0,1,144.2,52.2,15.0,45,21.3,436,4.666666666666667,Murillo Santiago Costa dos Santos
Neco,Williams,DEF,11,339,0,0,1,2,3,0,0,68.8,50.6,70.0,45,19.0,437,2.4444444444444446,Neco Williams
Omar,Richards,DEF,0,0,0,0,0,0,0,0,0,0.0,0.0,0.0,45,0.0,438,0.0,Omar Richards
Lewis,O'Brien,MID,0,0,0,0,0,0,0,0,0,0.0,0.0,0.0,50,0.0,439,0.0,Lewis O'Brien
Andrew,Omobamidele,DEF,0,0,0,0,0,0,0,0,0,0.0,0.0,0.0,43,0.0,440,0.0,Andrew Omobamidele
Jonathan,Panzo,DEF,0,0,0,0,0,0,0,0,0,0.0,0.0,0.0,40,0.0,441,0.0,Jonathan Panzo
Ibrahim,Sangaré,MID,4,212,0,0,1,2,2,0,0,38.8,16.4,19.0,44,7.4,442,0.9090909090909091,Ibrahim Sangaré
Matz,Sels,GK,26,630,0,0,2,6,2,0,3,150.8,0.1,0.0,45,15.1,443,5.777777777777778,Matz Sels
Harry,Toffolo,DEF,1,36,0,0,0,1,0,0,0,9.6,3.0,6.0,43,1.9,444,0.23255813953488372,Harry Toffolo
Hwang,Ui-jo,FWD,0,0,0,0,0,0,0,0,0,0.0,0.0,0.0,45,0.0,446,0.0,Hwang Ui-jo
Chris,Wood,FWD,39,557,4,0,3,5,1,0,10,156.0,45.4,195.0,62,39.8,447,6.290322580645161,Chris Wood
Joe,Worrall,DEF,0,0,0,0,0,0,0,0,0,0.0,0.0,0.0,45,0.0,448,0.0,Joe Worrall
Ryan,Yates,MID,15,446,0,1,1,3,2,0,2,60.2,58.3,84.0,49,20.3,449,3.061224489795918,Ryan Yates
James,Ward-Prowse,MID,6,302,0,0,1,5,0,1,0,31.6,29.1,9.0,62,7.0,531,0.9677419354838709,James Ward-Prowse
Nikola,Milenković,DEF,22,540,0,1,2,5,0,0,0,106.2,32.9,41.0,45,18.0,573,4.888888888888889,Nikola Milenković
João Pedro,Ferreira Silva,MID,8,113,0,1,0,0,1,0,0,40.8,34.7,43.0,59,11.9,596,1.3559322033898304,João Pedro Ferreira Silva
Ramón,Sosa,MID,8,56,1,0,0,0,0,0,0,43.6,21.5,24.0,55,8.9,620,1.4545454545454546,Ramón Sosa
Felipe,Rodrigues da Silva,DEF,3,35,0,0,0,0,0,0,0,22.4,0.0,0.0,45,2.2,653,0.6666666666666666,Felipe Rodrigues da Silva
Aaron,Ramsdale,GK,12,450,0,0,0,13,0,0,0,161.6,0.0,0.0,44,16.1,14,2.727272727272727,Aaron Ramsdale
Cameron,Archer,FWD,12,278,1,0,0,7,0,0,1,46.0,11.2,118.0,50,17.6,27,2.4,Cameron Archer
Lesley,Ugochukwu,MID,4,139,0,0,0,6,0,0,0,15.8,24.6,6.0,45,4.7,188,0.8888888888888888,Lesley Ugochukwu
Ryan,Fraser,MID,3,129,0,0,0,4,0,0,0,16.8,2.1,7.0,49,2.6,397,0.6122448979591836,Ryan Fraser
Carlos,Alcaraz Durán,MID,1,9,0,0,0,0,0,0,0,8.4,15.9,19.0,49,4.3,450,0.2040816326530612,Carlos Alcaraz Durán
Samuel,Amo-Ameyaw,MID,1,9,0,0,0,0,0,0,0,4.0,15.0,6.0,45,2.5,451,0.2222222222222222,Samuel Amo-Ameyaw
Joe,Aribo,MID,10,361,0,0,0,9,0,0,0,49.6,60.6,35.0,49,14.6,452,2.0408163265306123,Joe Aribo
Adam,Armstrong,FWD,6,229,0,0,0,5,1,0,0,12.2,17.5,58.0,53,8.7,453,1.132075471698113,Adam Armstrong
Gavin,Bazunu,GK,0,0,0,0,0,0,0,0,0,0.0,0.0,0.0,44,0.0,454,0.0,Gavin Bazunu
Jan,Bednarek,DEF,8,620,0,0,0,15,2,0,0,189.8,32.6,4.0,40,22.6,455,2.0,Jan Bednarek
Armel,Bella-Kotchap,DEF,0,0,0,0,0,0,0,0,0,0.0,0.0,0.0,40,0.0,456,0.0,Armel Bella-Kotchap
James,Bree,DEF,0,0,0,0,0,0,0,0,0,0.0,0.0,0.0,40,0.0,457,0.0,James Bree
Shea,Charles,MID,0,0,0,0,0,0,0,0,0,0.0,0.0,0.0,45,0.0,458,0.0,Shea Charles
Samuel,Edozie,MID,1,64,0,0,0,0,1,0,0,9.8,19.0,22.0,49,5.1,459,0.2040816326530612,Samuel Edozie
Ronnie,Edwards,DEF,0,0,0,0,0,0,0,0,0,0.0,0.0,0.0,40,0.0,460,0.0,Ronnie Edwards
Taylor,Harwood-Bellis,DEF,14,499,1,0,0,11,2,0,0,137.2,57.7,71.0,40,26.7,461,3.5,Taylor Harwood-Bellis
Kamaldeen,Sulemana,MID,0,0,0,0,0,0,0,0,0,0.0,0.0,0.0,50,0.0,462,0.0,Kamaldeen Sulemana
Adam,Lallana,MID,9,113,0,2,0,1,2,0,1,44.2,29.7,15.0,50,8.9,463,1.8,Adam Lallana
Juan,Larios López,DEF,0,0,0,0,0,0,0,0,0,0.0,0.0,0.0,40,0.0,464,0.0,Juan Larios López
Mateusz,Lis,GK,0,0,0,0,0,0,0,0,0,0.0,0.0,0.0,40,0.0,465,0.0,Mateusz Lis
Joe,Lumley,GK,0,0,0,0,0,0,0,0,0,0.0,0.0,0.0,40,0.0,466,0.0,Joe Lumley
Ryan,Manning,DEF,1,73,0,0,0,2,0,0,0,19.4,1.9,0.0,43,2.1,467,0.23255813953488372,Ryan Manning
Sékou,Mara,FWD,0,0,0,0,0,0,0,0,0,0.0,0.0,0.0,50,0.0,468,0.0,Sékou Mara
Alex,McCarthy,GK,6,180,0,0,0,2,0,0,0,52.0,0.0,0.0,44,5.2,469,1.3636363636363635,Alex McCarthy
Paul,Onuachu,FWD,1,16,0,0,0,1,0,0,0,2.0,0.0,0.0,49,0.2,470,0.2040816326530612,Paul Onuachu
Will,Smallbone,MID,5,218,0,0,0,3,0,0,0,20.6,56.9,32.0,50,10.9,471,1.0,Will Smallbone
Jack,Stephens,DEF,2,348,0,0,0,8,1,1,0,42.0,27.1,11.0,40,8.0,472,0.5,Jack Stephens
Ross,Stewart,FWD,3,130,0,0,0,2,1,0,0,5.8,6.7,9.0,46,2.1,473,0.6521739130434782,Ross Stewart
Sugawara,Yukinari,DEF,14,565,1,0,0,15,1,0,0,137.0,119.3,43.0,45,29.8,474,3.111111111111111,Sugawara Yukinari
Charlie,Taylor,DEF,4,195,0,0,0,4,1,0,0,58.8,21.3,2.0,40,8.3,475,1.0,Charlie Taylor
Kyle,Walker-Peters,DEF,6,440,0,0,0,11,1,0,0,72.0,37.0,60.0,44,16.9,476,1.3636363636363635,Kyle Walker-Peters
Nathan,Wood-Gordon,DEF,0,0,0,0,0,0,0,0,0,0.0,0.0,0.0,40,0.0,477,0.0,Nathan Wood-Gordon
Maxwel,Cornet,MID,1,71,0,0,0,4,1,0,0,11.6,3.5,7.0,48,2.2,515,0.20833333333333331,Maxwel Cornet
Flynn,Downes,MID,11,630,0,0,0,15,3,0,0,89.0,173.7,26.0,49,28.9,518,2.2448979591836733,Flynn Downes
Ben,Brereton Díaz,MID,9,389,0,0,0,8,1,0,0,17.8,61.6,76.0,52,15.7,584,1.7307692307692306,Ben Brereton Díaz
Tyler,Dibling,MID,18,368,1,0,1,10,2,0,3,75.2,108.4,70.0,46,25.4,608,3.913043478260869,Tyler Dibling
Mateus Gonçalo,Espanha Fernandes,MID,13,371,0,1,1,9,1,0,0,63.8,81.4,63.0,50,20.8,623,2.6,Mateus Gonçalo Espanha Fernandes
Dominic,Solanke-Mitchell,FWD,21,447,2,1,1,6,0,0,0,121.4,56.2,210.0,76,38.7,82,2.763157894736842,Dominic Solanke-Mitchell
Ashley,Phillips,DEF,0,0,0,0,0,0,0,0,0,0.0,0.0,0.0,40,0.0,478,0.0,Ashley Phillips
Brandon,Austin,GK,0,0,0,0,0,0,0,0,0,0.0,0.0,0.0,40,0.0,479,0.0,Brandon Austin
Rodrigo,Bentancur,MID,9,382,0,0,1,6,3,0,0,44.8,46.8,35.0,50,12.7,480,1.8,Rodrigo Bentancur
Lucas,Bergvall,MID,5,46,0,0,0,0,0,0,0,14.0,31.5,8.0,45,5.3,481,1.1111111111111112,Lucas Bergvall
Yves,Bissouma,MID,11,190,1,0,1,2,2,0,1,61.6,38.6,9.0,49,10.9,482,2.2448979591836733,Yves Bissouma
Bryan,Gil Salvatierra,MID,0,0,0,0,0,0,0,0,0,0.0,0.0,0.0,50,0.0,483,0.0,Bryan Gil Salvatierra
Ben,Davies,DEF,0,0,0,0,0,0,0,0,0,0.0,0.0,0.0,44,0.0,484,0.0,Ben Davies
Alfie,Devine,MID,0,0,0,0,0,0,0,0,0,0.0,0.0,0.0,45,0.0,485,0.0,Alfie Devine
Radu,Drăgușin,DEF,2,99,0,0,0,2,0,0,0,19.4,1.7,6.0,43,2.7,486,0.46511627906976744,Radu Drăgușin
Emerson,Leite de Souza Junior,DEF,0,0,0,0,0,0,0,0,0,0.0,0.0,0.0,45,0.0,487,0.0,Emerson Leite de Souza Junior
Fraser,Forster,GK,0,0,0,0,0,0,0,0,0,0.0,0.0,0.0,44,0.0,488,0.0,Fraser Forster
Archie,Gray,MID,3,32,0,0,0,0,0,0,0,7.4,2.6,0.0,48,1.0,489,0.6249999999999999,Archie Gray
Pierre-Emile,Højbjerg,MID,0,0,0,0,0,0,0,0,0,0.0,0.0,0.0,50,0.0,490,0.0,Pierre-Emile Højbjerg
Brennan,Johnson,MID,36,513,3,2,2,7,1,0,1,148.2,89.1,280.0,65,51.8,491,5.538461538461538,Brennan Johnson
Dejan,Kulusevski,MID,24,527,1,1,2,7,2,0,3,136.8,262.5,194.0,62,59.2,492,3.8709677419354835,Dejan Kulusevski
Giovani,Lo Celso,MID,0,0,0,0,0,0,0,0,0,0.0,0.0,0.0,49,0.0,493,0.0,Giovani Lo Celso
James,Maddison,MID,39,563,2,3,2,8,2,0,6,208.0,247.0,199.0,75,65.4,494,5.2,James Maddison
Pedro,Porro,DEF,26,627,1,0,2,8,1,0,1,190.2,205.4,72.0,55,46.8,495,4.7272727272727275,Pedro Porro
Sergio,Reguilón,DEF,0,0,0,0,0,0,0,0,0,0.0,0.0,0.0,43,0.0,496,0.0,Sergio Reguilón
Richarlison,de Andrade,FWD,2,25,0,0,0,0,0,0,0,3.2,2.2,7.0,68,1.1,497,0.2941176470588235,Richarlison de Andrade
Cristian,Romero,DEF,28,630,1,0,2,8,0,0,2,177.0,51.4,124.0,51,35.4,498,5.490196078431372,Cristian Romero
Pape Matar,Sarr,MID,10,211,0,1,0,2,1,0,0,51.4,48.6,44.0,49,14.4,499,2.0408163265306123,Pape Matar Sarr
Dane,Scarlett,FWD,0,0,0,0,0,0,0,0,0,0.0,0.0,0.0,45,0.0,500,0.0,Dane Scarlett
Manor,Solomon,MID,0,0,0,0,0,0,0,0,0,0.0,0.0,0.0,54,0.0,502,0.0,Manor Solomon
Son,Heung-min,MID,33,450,2,2,1,5,0,0,6,161.8,184.9,113.0,99,46.0,503,3.333333333333333,Son Heung-min
Djed,Spence,DEF,2,63,0,0,0,0,1,0,0,9.6,7.5,2.0,44,1.9,504,0.45454545454545453,Djed Spence
Destiny,Udogie,DEF,13,567,0,0,1,8,2,0,0,91.2,63.6,71.0,49,22.6,505,2.6530612244897958,Destiny Udogie
Micky,van de Ven,DEF,25,530,0,2,2,6,2,0,2,117.2,32.8,30.0,46,18.1,506,5.434782608695651,Micky van de Ven
Alejo,Véliz,FWD,0,0,0,0,0,0,0,0,0,0.0,0.0,0.0,50,0.0,507,0.0,Alejo Véliz
Guglielmo,Vicario,GK,21,630,0,0,2,8,1,0,0,147.6,0.0,0.0,50,14.7,508,4.2,Guglielmo Vicario
Timo,Werner,MID,11,192,0,1,1,4,0,0,0,41.8,43.3,61.0,62,14.6,509,1.7741935483870968,Timo Werner
Alfie,Whiteman,GK,0,0,0,0,0,0,0,0,0,0.0,0.0,0.0,40,0.0,510,0.0,Alfie Whiteman
Will,Lankshear,FWD,0,0,0,0,0,0,0,0,0,0.0,0.0,0.0,45,0.0,609,0.0,Will Lankshear
Mikey,Moore,MID,3,21,0,0,0,0,0,0,0,1.2,0.5,7.0,45,0.7,610,0.6666666666666666,Mikey Moore
Wilson,Odobert,MID,6,160,0,0,1,1,0,0,0,10.0,40.5,42.0,54,9.2,612,1.111111111111111,Wilson Odobert
Aaron,Wan-Bissaka,DEF,9,478,0,0,0,9,0,0,0,91.8,109.4,25.0,45,22.5,388,2.0,Aaron Wan-Bissaka
Edson,Álvarez Velázquez,MID,5,242,0,0,0,6,2,0,0,36.2,53.1,6.0,50,9.6,511,1.0,Edson Álvarez Velázquez
Michail,Antonio,FWD,30,427,1,4,1,6,1,0,3,52.8,53.2,134.0,54,23.2,512,5.555555555555555,Michail Antonio
Alphonse,Areola,GK,16,585,0,0,1,10,0,0,0,131.8,0.0,0.0,45,13.2,513,3.5555555555555554,Alphonse Areola
Jarrod,Bowen,MID,36,607,2,3,1,10,0,0,2,186.4,251.5,211.0,74,64.8,514,4.864864864864865,Jarrod Bowen
Vladimír,Coufal,DEF,9,198,0,0,1,3,0,0,0,19.2,17.5,1.0,44,3.5,516,2.0454545454545454,Vladimír Coufal
Aaron,Cresswell,DEF,3,25,0,0,0,0,0,0,0,3.6,11.8,1.0,40,1.7,517,0.75,Aaron Cresswell
George,Earthy,MID,0,0,0,0,0,0,0,0,0,0.0,0.0,0.0,45,0.0,519,0.0,George Earthy
Emerson,Palmieri dos Santos,DEF,11,503,0,0,1,10,2,0,0,72.6,87.1,22.0,44,17.9,520,2.5,Emerson Palmieri dos Santos
Łukasz,Fabiański,GK,1,45,0,0,0,1,0,0,0,16.4,0.0,0.0,40,1.6,521,0.25,Łukasz Fabiański
Wes,Foderingham,GK,0,0,0,0,0,0,0,0,0,0.0,0.0,0.0,44,0.0,522,0.0,Wes Foderingham
Danny,Ings,FWD,10,28,1,0,0,0,0,0,3,36.6,0.8,36.0,50,7.4,523,2.0,Danny Ings
Max,Kilman,DEF,18,630,0,1,1,11,3,0,3,149.4,58.0,13.0,45,22.1,524,4.0,Max Kilman
Mohammed,Kudus,MID,19,577,1,0,1,11,0,0,0,97.2,98.2,225.0,63,42.0,525,3.0158730158730154,Mohammed Kudus
Luis Guilherme,Lira dos Santos,MID,1,4,0,0,0,0,0,0,0,0.0,0.1,0.0,48,0.0,526,0.20833333333333331,Luis Guilherme Lira dos Santos
Lucas,Tolentino Coelho de Lima,MID,24,526,2,0,1,9,1,0,1,119.0,132.9,96.0,59,34.8,527,4.067796610169491,Lucas Tolentino Coelho de Lima
Konstantinos,Mavropanos,DEF,14,495,0,0,1,9,0,0,2,147.8,9.0,36.0,45,19.4,528,3.111111111111111,Konstantinos Mavropanos
Nayef,Aguerd,DEF,0,0,0,0,0,0,0,0,0,0.0,0.0,0.0,44,0.0,529,0.0,Nayef Aguerd
Tomáš,Souček,MID,27,457,2,1,1,7,2,0,4,128.0,107.7,150.0,50,38.4,530,5.4,Tomáš Souček
Kurt,Zouma,DEF,0,0,0,0,0,0,0,0,0,0.0,0.0,0.0,44,0.0,532,0.0,Kurt Zouma
Andy,Irving,MID,1,19,0,0,0,0,1,0,0,8.4,2.6,7.0,49,1.8,576,0.2040816326530612,Andy Irving
Crysencio,Summerville,MID,6,140,0,0,0,4,0,0,0,21.0,35.7,34.0,57,9.0,587,1.0526315789473684,Crysencio Summerville
Guido,Rodríguez,MID,12,529,0,0,1,10,2,0,0,68.2,25.2,9.0,49,10.3,588,2.4489795918367343,Guido Rodríguez
Niclas,Füllkrug,FWD,3,63,0,0,0,2,0,0,0,2.6,2.5,29.0,67,3.5,589,0.44776119402985076,Niclas Füllkrug
Jean-Clair,Todibo,DEF,6,187,0,0,0,2,0,0,0,47.6,1.2,8.0,44,5.7,591,1.3636363636363635,Jean-Clair Todibo
Kaelan,Casey,DEF,0,0,0,0,0,0,0,0,0,0.0,0.0,0.0,40,0.0,643,0.0,Kaelan Casey
Carlos,Soler,MID,2,121,0,0,0,0,2,0,0,18.0,15.1,29.0,50,6.1,654,0.4,Carlos Soler
Sam,Johnstone,GK,10,450,0,0,0,13,0,0,0,155.8,10.0,0.0,44,16.6,204,2.2727272727272725,Sam Johnstone
Rayan,Aït-Nouri,DEF,22,564,2,2,0,20,3,0,2,164.8,121.2,110.0,44,39.7,533,5.0,Rayan Aït-Nouri
Boubacar,Traoré,MID,0,0,0,0,0,0,0,0,0,0.0,0.0,0.0,49,0.0,534,0.0,Boubacar Traoré
Jean-Ricner,Bellegarde,MID,20,402,1,1,2,9,1,0,0,69.4,70.3,49.0,50,18.6,535,4.0,Jean-Ricner Bellegarde
Daniel,Bentley,GK,0,0,0,0,0,0,0,0,0,0.0,0.0,0.0,40,0.0,536,0.0,Daniel Bentley
Francisco Jorge,Tomás Oliveira,MID,1,6,0,0,0,0,0,0,0,3.0,14.3,2.0,45,1.9,537,0.2222222222222222,Francisco Jorge Tomás Oliveira
Tawanda,Chirewa,MID,0,0,0,0,0,0,0,0,0,0.0,0.0,0.0,45,0.0,538,0.0,Tawanda Chirewa
Leon,Chiwome,FWD,0,0,0,0,0,0,0,0,0,0.0,0.0,0.0,45,0.0,539,0.0,Leon Chiwome
Luke,Cundle,MID,0,0,0,0,0,0,0,0,0,0.0,0.0,0.0,45,0.0,540,0.0,Luke Cundle
Matheus,Santos Carneiro Da Cunha,FWD,30,550,3,0,0,19,1,0,6,166.0,167.7,197.0,65,53.1,541,4.615384615384615,Matheus Santos Carneiro Da Cunha
Craig,Dawson,DEF,5,389,0,0,0,12,1,0,0,82.6,27.2,31.0,44,14.1,542,1.1363636363636362,Craig Dawson
Matt,Doherty,DEF,2,208,0,0,0,9,0,0,0,40.8,16.0,15.0,44,7.2,543,0.45454545454545453,Matt Doherty
Tommy,Doyle,MID,5,65,0,0,0,3,0,0,0,9.8,26.2,3.0,49,3.9,544,1.0204081632653061,Tommy Doyle
Fábio,Silva,FWD,0,0,0,0,0,0,0,0,0,0.0,0.0,0.0,50,0.0,545,0.0,Fábio Silva
Nathan,Fraser,FWD,0,0,0,0,0,0,0,0,0,0.0,0.0,0.0,45,0.0,546,0.0,Nathan Fraser
Enso,González,MID,0,0,0,0,0,0,0,0,0,0.0,0.0,0.0,45,0.0,547,0.0,Enso González
Gonçalo Manuel,Ganchinho Guedes,MID,4,66,0,0,0,4,0,0,0,9.8,26.2,6.0,53,4.2,548,0.7547169811320754,Gonçalo Manuel Ganchinho Guedes
Hugo,Bueno López,DEF,0,0,0,0,0,0,0,0,0,0.0,0.0,0.0,45,0.0,549,0.0,Hugo Bueno López
Hwang,Hee-chan,MID,7,252,0,0,0,9,0,0,0,16.4,36.1,10.0,61,6.2,550,1.1475409836065573,Hwang Hee-chan
Joe,Hodge,MID,0,0,0,0,0,0,0,0,0,0.0,0.0,0.0,45,0.0,551,0.0,Joe Hodge
Ki-Jana,Hoever,DEF,0,0,0,0,0,0,0,0,0,0.0,0.0,0.0,40,0.0,552,0.0,Ki-Jana Hoever
João Victor,Gomes da Silva,MID,10,569,0,0,0,18,3,0,0,60.8,52.4,14.0,49,12.7,553,2.0408163265306123,João Victor Gomes da Silva
José,Malheiro de Sá,GK,1,180,0,0,0,8,0,0,0,53.0,10.0,0.0,44,6.3,554,0.22727272727272727,José Malheiro de Sá
Saša,Kalajdžić,FWD,0,0,0,0,0,0,0,0,0,0.0,0.0,0.0,49,0.0,555,0.0,Saša Kalajdžić
Tom,King,GK,0,0,0,0,0,0,0,0,0,0.0,0.0,0.0,40,0.0,556,0.0,Tom King
Mario,Lemina,MID,24,629,1,1,0,21,2,0,4,164.4,79.4,84.0,50,32.7,557,4.8,Mario Lemina
Yerson,Mosquera,DEF,3,441,0,0,0,12,2,0,0,110.2,27.3,21.0,40,16.0,558,0.75,Yerson Mosquera
Nélson,Cabral Semedo,DEF,6,420,0,1,0,12,3,0,0,67.4,44.9,17.0,45,13.0,559,1.3333333333333333,Nélson Cabral Semedo
Pedro,Cardoso de Lima,DEF,0,0,0,0,0,0,0,0,0,0.0,0.0,0.0,40,0.0,561,0.0,Pedro Cardoso de Lima
Daniel,Castelo Podence,MID,2,46,0,0,0,2,0,0,0,3.0,1.1,1.0,55,0.4,562,0.36363636363636365,Daniel Castelo Podence
Rodrigo,Martins Gomes,MID,4,115,0,0,0,6,0,0,0,9.0,6.7,14.0,53,2.8,563,0.7547169811320754,Rodrigo Martins Gomes
Santiago,Bueno,DEF,1,84,0,0,0,4,0,0,0,16.2,0.7,0.0,44,1.7,564,0.22727272727272727,Santiago Bueno
Pablo,Sarabia,MID,2,28,0,0,0,1,0,0,0,15.8,3.2,36.0,52,5.5,565,0.3846153846153846,Pablo Sarabia
Jørgen,Strand Larsen,FWD,25,564,2,1,1,18,0,0,0,104.8,57.6,128.0,55,28.8,566,4.545454545454546,Jørgen Strand Larsen
Toti António,Gomes,DEF,4,450,0,1,0,16,2,0,0,82.0,16.5,13.0,43,11.1,567,0.9302325581395349,Toti António Gomes
Bastien,Meupiyou,DEF,0,0,0,0,0,0,0,0,0,0.0,0.0,0.0,40,0.0,637,0.0,Bastien Meupiyou
André,Trindade da Costa Neto,MID,6,316,0,0,0,10,2,0,0,43.4,39.9,12.0,50,9.5,642,1.2,André Trindade da Costa Neto
Carlos Roberto,Forbs Borges,MID,2,109,0,0,0,5,2,0,0,16.4,18.3,21.0,55,5.5,655,0.36363636363636365,Carlos Roberto Forbs Borges
Alfie,Pond,DEF,0,0,0,0,0,0,0,0,0,0.0,0.0,0.0,40,0.0,664,0.0,Alfie Pond
